MOLD,DISC TYPE,SPEED,GLIDE,TURN,FADE,STABILITY,DIAMETER (cm),HEIGHT (cm),RIM DEPTH (cm),RIM WIDTH (cm),INSIDE RIM DIAMETER (cm),RIM DEPTH / DIAMETER RATION (%),RIM CONFIGURATION,BEAD
"Armadillo
",Putt & Approach,1,2,0,1,1,21.3,1.9,1.4,0.8,19.6,6.6,90.75,No
"Beetle
",Putt & Approach,1,7,-1,0,-1,21.9,2.2,1.6,0.8,20.3,7.3,89.25,No
"Berg
",Putt & Approach,1,1,0,2,2,21.1,2,1.4,0.9,19.3,6.6,87,No
"Birdie
",Putt & Approach,1,2,0,0,0,21.2,2.4,1.9,0.7,19.8,9,98.25,No
"Claws
",Putt & Approach,1,3,0,0.5,0.5,21.2,2,1.7,0.9,19.4,8,85,No
"Glitch
",Putt & Approach,1,7,0,0,0,21.2,2,1.6,0.8,19.5,7.5,66.5,No
"Hydrogen
",Putt & Approach,1,2,0,0,0,21.2,2.1,1.5,0.7,19.7,7.1,72.25,No
"No2 Putter
",Putt & Approach,1,2,-2,1,-1,21.8,2.6,1.6,1,19.8,7.3,53.75,No
"Polecat
",Putt & Approach,1,3,0,0,0,21.3,2.3,1.6,0.7,19.9,7.5,83.25,No
"Sonic
",Putt & Approach,1,2,-4,0,-4,21.6,2.3,1.6,0.6,20.4,7.4,82,No
"Super Dillo
",Putt & Approach,1,4,-3,1,-2,23.6,2,1.2,0.8,22,5.1,88,No
"Upshot
",Putt & Approach,1,3,-2,0,-2,21.6,2.2,1.4,0.7,20.2,6.5,63.75,No
"Ace
",Putt & Approach,2,3,-2,1,-1,21.2,2.2,1.1,0.9,19.4,5.2,50.5,No
"Agent
",Putt & Approach,2,3,0,1,1,21.2,2.1,1.4,1.1,19,6.6,60.75,No
"Animal
",Putt & Approach,2,1,0,1,1,21.2,2.1,1.3,1,19.2,6.1,64,No
"APX
",Putt & Approach,2,2,-1,1,0,21,2.3,1.4,0.9,19.2,6.7,49.25,Yes
"Aviar
",Putt & Approach,2,3,0,1,1,21.2,2,1.5,0.9,19.4,7.1,55.75,No
"Aviar Driver
",Putt & Approach,2,3,0,2,2,21.2,2,1.5,0.9,19.4,7.1,55.75,Yes
"Bagger
",Putt & Approach,2,3,0,1,1,21.3,1.8,1.5,1.1,19.2,7.5,59.75,Yes
"Banger GT
",Putt & Approach,2,3,0,1,1,21.2,2,1.6,1,19.2,7.5,65.75,Yes
"Beaver
",Putt & Approach,2,3,-1,1,0,21.2,2.2,1.6,0.9,19.3,7.5,50.5,Yes
"Bighorn
",Putt & Approach,2,3,0,1,1,21.2,2.2,1.6,1.5,19.2,7.5,67.75,Yes
"Bleak
",Putt & Approach,2,4,-1,1,0,21,2.2,1.4,1.1,18.9,6.7,52,No
"Blowfly I
",Putt & Approach,2,2,0,2,2,21.5,2.7,1.1,1.5,18.5,5.1,52.5,No
"Bluebonnet
",Putt & Approach,2,3,0,1,1,21.1,2.1,1.3,1.1,18.9,6.2,65.5,No
"Blunt Gumbputt
",Putt & Approach,2,2,0,2,2,21.7,2.2,1.9,0.7,20.2,8.8,86.75,No
"Bullet
",Putt & Approach,2,4,0,1,1,21.2,1.8,1.5,1.1,18.9,7.1,58.75,No
"Butter
",Putt & Approach,2,3,0,1,1,21.5,2.1,1.5,1.2,19.1,7,67.25,No
"Caltrop
",Putt & Approach,2,2,0,2,2,21,1.9,1.5,1,19.1,7.1,64,No
"Chainzilla
",Putt & Approach,2,3,-1,1,0,21.2,2.2,1.7,1,19.2,8,56,Yes
"Challenger
",Putt & Approach,2,3,0,2,2,21,2.2,1.6,1,19,7.6,61.5,Yes
"Challenger OS
",Putt & Approach,2,3,0,3,3,21.1,2,1.5,1,18.9,7.1,61,Yes
"Challenger SS
",Putt & Approach,2,3,-1,2,1,21.1,2,1.4,1,19.1,6.6,61,No
"Classic Aviar
",Putt & Approach,2,3,0,0,0,21.2,2,1.5,0.9,19.4,7.1,55.75,No
"Clozer
",Putt & Approach,2,3,0,2,2,21.2,2.1,1.4,0.9,19.4,6.6,58.25,Yes
"Clutch
",Putt & Approach,2,3,0,1,1,21.2,2,1.4,0.9,19.4,6.6,49.5,No
"Coupe
",Putt & Approach,2,3,-1,1,0,21.2,2,1.3,0.9,19.4,6.1,50,Yes
"Cumulus
",Putt & Approach,2,3,-1,1,0,21.1,1.7,1.4,1.1,18.9,6.6,55.5,No
"Dagger
",Putt & Approach,2,5,0,1,1,21.1,2.1,1.5,1,19.1,7.1,75.25,Yes
"EMac Judge
",Putt & Approach,2,4,0,1,1,21.2,2,1.4,1.1,18.9,6.6,60.75,Yes
"Faith
",Putt & Approach,2,3,0,1,1,21.2,2.2,1.5,1.1,19,7.1,59.5,No
"Firefly
",Putt & Approach,2,3,0,1,1,21.1,2.1,1.5,1,19.1,7.1,71,No
"Flow Motion
",Putt & Approach,2,3,0,2,2,21.1,1.9,1.5,1,19,7.1,66.5,No
"Focus
",Putt & Approach,2,2,-1,2,1,21.1,2.1,1.6,1,19.1,7.6,60.25,No
"Fudge
",Putt & Approach,2,3,0,2,2,21.3,2,1.5,1.1,19.2,7,63,Yes
"Gauntlet
",Putt & Approach,2,4,0,1,1,21.2,2.1,1.5,1.1,19,7.1,61.75,Yes
"Great Horned Owl
",Putt & Approach,2,3,0,1,1,21.2,2.2,1.4,1,19.2,6.6,62.25,Yes
"Guard
",Putt & Approach,2,5,0,0.5,0.5,21,2.1,1.6,0.9,19.1,7.6,90,No
"Gui
",Putt & Approach,2,3,0,2,2,21.1,1.8,1.5,1,19.1,7.1,59,No
"Hammer
",Putt & Approach,2,2,-1,2,1,21.7,2.1,1.1,1.2,19.3,5.1,36.75,No
"Hammer Chui
",Putt & Approach,2,2.5,0,3,3,21.1,1.7,1.4,1.3,18.5,6.6,56.25,No
"Hawg
",Putt & Approach,2,1,0,3.5,3.5,21.2,2,1.3,1.2,18.8,6.1,71.5,No
"Hope
",Putt & Approach,2,3,0,1,1,21.2,2,1.5,1.1,19,7.1,62.75,No
"Hummingbird
",Putt & Approach,2,4,0,1,1,21.2,2,1.5,0.9,19.3,7.1,52.5,No
"Hunter
",Putt & Approach,2,4,0,0,0,21.2,2,1.4,0.9,19.4,6.6,54.75,No
"Huntsman
",Putt & Approach,2,3,0,2.5,2.5,21.3,2.4,1.6,1.1,19.1,7.5,72.5,Yes
"Inner Core
",Putt & Approach,2,4,-0.5,0,-0.5,21.3,1.9,1.5,1,19.4,7,56.5,No
"Iridium
",Putt & Approach,2,3,0,2,2,21,2.1,1.5,0.9,19.1,7.1,66,No
"JK Aviar
",Putt & Approach,2,3,0,2,2,21.2,2,1.5,0.9,19.4,7.1,55.75,Yes
"Judge
",Putt & Approach,2,4,0,1,1,21.2,2,1.5,1.1,18.9,7.1,58.25,Yes
"KC Aviar
",Putt & Approach,2,3,0,2,2,21.2,2,1.5,0.9,19.4,7.1,55.75,Yes
"Keystone
",Putt & Approach,2,5,-1,1,0,21.1,1.9,1.5,1,19,7.1,75,No
"Knife
",Putt & Approach,2,3,0,2,2,21.1,1.9,1.3,1,19.1,8.5,58.75,No
"Land Mine
",Putt & Approach,2,2,0,2,2,22,1.8,1.5,1.2,19.6,6.8,92.75,No
"Ling
",Putt & Approach,2,3,-3,1,-2,21.2,1.8,1.3,1,19.2,6.1,74.5,No
"Link
",Putt & Approach,2,3,0,1,1,21.2,1.9,1.5,1,19.1,7,71,Yes
"Macana
",Putt & Approach,2,5,0,1,1,21.1,2.1,1.4,1.1,18.9,6.6,74,Yes
"Magic
",Putt & Approach,2,3,-1,0,-1,21,2.1,1.5,1,19,7.1,54,No
"Magnet
",Putt & Approach,2,3,-1,1,0,21.2,2,1.4,0.8,19.6,6.6,47.75,Yes
"Magneton
",Putt & Approach,2,3,0,2,2,21.1,1.9,1.5,1,19.1,7.1,59.25,No
"Makani
",Mid Range,2,7,-2,0,-2,24.2,2.7,1.7,0.7,22.8,7,83,No
"Marvel
",Putt & Approach,2,3,0,1,1,21.1,2,1.4,1.1,18.9,6.6,65.75,No
"Mercy
",Putt & Approach,2,4,0,1,1,21.2,2.1,1.5,1.1,19.1,7.1,61.5,No
"Meteor Hammer
",Putt & Approach,2,3,0,0,0,21.2,2,1.5,1,19.2,7.1,52.5,No
"Mjolner
",Putt & Approach,2,3,0,1,1,21.2,2,1.5,1,19.2,7.1,47.25,Yes
"Mobius
",Putt & Approach,2,4,-1,0,-1,21.1,1.9,1.4,1,19.1,6.6,77.25,No
"Myth
",Putt & Approach,2,3,0,2,2,21.2,2.1,1.5,1.1,19,7.1,68.75,Yes
"No2 Upshot
",Putt & Approach,2,4,-1,1,0,21.4,2,1.5,0.9,19.6,7,51.25,Yes
"Nomad
",Putt & Approach,2,4,0,1.5,1.5,21.2,2,1.4,1.1,19,6.6,51,Yes
"Nova
",Putt & Approach,2,3,0,0,0,21.3,2.7,1.5,1.1,19.1,7,59,No
"Ohm
",Putt & Approach,2,5,0,1,1,21.2,1.9,1.5,1,19.1,7.1,58,No
"Omega
",Putt & Approach,2,3,0,0,0,21.1,2,1.5,0.9,19.3,7.1,55.75,No
"Omega 4
",Putt & Approach,2,3,0,1,1,21.1,2,1.5,1,19,7.1,58,No
"Omega AP
",Putt & Approach,2,3,0,0,0,21.1,2,1.5,0.9,19.3,7.1,55.75,No
"Omega AP Big Bead
",Putt & Approach,2,3,0,1,1,21.1,2,1.5,0.9,19.3,7.1,55.75,Yes
"Omega Big Bead
",Putt & Approach,2,3,0,1,1,21.2,2.1,1.5,0.9,19.4,7.1,55.75,Yes
"Omega SuperSoft
",Putt & Approach,2,3,0,0,0,21.1,2,1.5,0.9,19.3,7.1,55.75,No
"P1
",Putt & Approach,2,3,0,0,0,21.2,2,1.5,1.1,19,7.1,62.5,No
"P1X
",Putt & Approach,2,3,0,0,0,21.2,2,1.4,1,19,6.6,68.5,Yes
"P2
",Putt & Approach,2,3,0,1,1,21.2,2.1,1.6,1.1,19,7.5,68.75,No
"Pace
",Putt & Approach,2,4,0,1.5,1.5,21.1,2,1.5,1.1,18.9,7.1,60.25,No
"Penrose
",Putt & Approach,2,4,0,2,2,21.1,2.1,1.5,1.1,18.9,7.1,60.25,Yes
"Pilot
",Putt & Approach,2,5,0,1,1,21.2,1.9,1.5,1,18.2,7.1,64,Yes
"Polar Bear
",Putt & Approach,2,3,0,1,1,21.2,2,1.5,1,19.3,7.1,62.5,Yes
"PowerDrive Gumbputt
",Putt & Approach,2,2,0,2,2,21.5,2.6,1.2,1.3,18.9,5.6,38,No
"Profit
",Putt & Approach,2,3,0,2,2,21.1,1.9,1.6,1.1,18.9,7.6,65.75,Yes
"Prowler
",Putt & Approach,2,2,0,2,2,21.2,2.2,1.4,0.9,19.4,6.6,61.5,Yes
"Puttr
",Putt & Approach,2,2,-1,1,0,21,2.4,1.6,0.9,19.2,7.6,78.75,No
"Radar
",Putt & Approach,2,5,0,0.5,0.5,21.1,2,1.5,1,19.1,7.1,55.5,Yes
"Rainmaker
",Putt & Approach,2,3,0,0.5,0.5,21.2,2,1.5,1.1,19,7.1,66.25,No
"Rattler
",Putt & Approach,2,2,-2,1,-1,21.2,2.2,1.6,0.6,20,7.5,84.25,No
"Reef
",Putt & Approach,2,2,-1,1,0,21.2,2.1,1.4,0.9,19.4,6.6,49.25,Yes
"Rhyno
",Putt & Approach,2,1,0,3,3,21.2,1.9,1.3,1,19.2,6.1,56.75,No
"RhynoX
",Putt & Approach,2,1,0,4,4,21.2,2,1.3,1,19.1,6.1,63.5,No
"Ridge
",Putt & Approach,2,3,0,1,1,21.1,2,1.6,0.9,19.3,7.6,61.25,Yes
"Roach
",Putt & Approach,2,4,0,1,1,21.1,2,1.5,1.1,18.9,7.1,58.75,No
"Rubber Putter
",Putt & Approach,2,3,-1,1,0,21.6,2.5,1.3,1.3,19,6,45.5,Yes
"Rune
",Putt & Approach,2,4,0,0,0,21.2,2.1,1.6,1.1,19,7.5,55.5,Yes
"Sarek
",Putt & Approach,2,4,0,1.5,1.5,21.2,2.2,1.5,1.1,19,7.1,61,No
"Scale
",Putt & Approach,2,1,0,3,3,21,2.2,1.5,1,19,7.1,68,No
"Scarab
",Putt & Approach,2,4,0,1,1,21.2,2.1,1.5,1,19.2,7.1,62.5,Yes
"Sea Otter
",Putt & Approach,2,3,0,2,2,21.2,1.8,1.5,1,19.1,7.1,57.75,No
"Serpent
",Putt & Approach,2,2,0,0,0,21,2.2,1.5,1,19.1,7.1,86.75,No
"Shogun
",Putt & Approach,2,4,0,2,2,21.2,2.4,1.5,1,19.2,7.1,74,Yes
"Sinus
",Putt & Approach,2,2,0,2,2,21.2,1.9,1.4,0.9,19.3,6.6,50.75,No
"Slim
",Putt & Approach,2,4,-3,0,-3,21.4,1.7,1.1,1.1,19.2,5.1,54.5,No
"Snoopy
",Putt & Approach,2,4,0,2,2,21.1,2.1,1.6,1.1,18.9,7.6,55,No
"Soft Magnet
",Putt & Approach,2,3,-1,2,1,21.2,2,1.4,0.8,19.6,6.6,47.75,No
"Sole
",Putt & Approach,2,3,0,2,2,21.2,2.3,1.5,1,19.2,7.1,58.75,No
"Sparta
",Putt & Approach,2,4,0,1,1,21.3,2,1.6,1,19.2,7.5,59.75,No
"Steady
",Putt & Approach,2,3,0,2,2,21.2,2,1.4,1,19.3,6.6,56,Yes
"Steady BL
",Putt & Approach,2,3,0,2,2,21.2,2.5,1.5,1.1,19,7.1,64.75,No
"Summit
",Putt & Approach,2,3,-1,0,-1,21.1,1.9,1.2,0.9,19.2,5.7,61.25,Yes
"Supreme Judge
",Putt & Approach,2,4,0,1,1,21.2,2.2,1.4,1.1,19,6.6,58.25,Yes
"Takapu
",Putt & Approach,2,3,0,2,2,21.2,2.1,1.5,1.1,18.9,7.1,66.75,No
"Tank
",Putt & Approach,2,1,0,2,2,21.2,2,1.3,0.9,19.4,6.1,59.75,No
"Tank-Panzer
",Putt & Approach,2,2,0,3,3,21.2,2.1,1.4,1.2,18.8,6.6,59.75,No
"Telos
",Putt & Approach,2,4,0,1.5,1.5,21,1.9,1.5,1,18.9,7.1,67,No
"Titanic
",Putt & Approach,2,2,0,2,2,21.1,2.2,1.5,1,19.1,7.1,63.5,Yes
"Touch
",Putt & Approach,2,3,0,1,1,21.2,2,1.4,1.2,17.8,6.6,54.75,Yes
"Voodoo
",Putt & Approach,2,3,0,0,0,21.2,2.1,1.6,1,19.2,7.5,62,No
"VP
",Putt & Approach,2,3,0,2,2,21.1,2,1.6,0.9,19.1,7.6,66.75,Yes
"War Dove
",Putt & Approach,2,3,0,1,1,21.1,2,1.6,1.1,18.9,7.6,68.25,No
"War Pigeon
",Putt & Approach,2,3,0,3,3,21.2,2,1.5,1.1,19.1,7.1,68.25,Yes
"Warden
",Putt & Approach,2,4,0,0.5,0.5,21.2,2,1.5,1.1,19.1,7.1,66.25,No
"Warlock
",Putt & Approach,2,3,0,1,1,21.1,2.3,1.6,1,19.1,7.6,56.25,No
"Warspear
",Putt & Approach,2,3,0,2.5,2.5,21.2,1.8,1.3,1,19.2,6.1,77.75,No
"Watt
",Putt & Approach,2,5,-0.5,0.5,0,21.2,1.8,1.5,1.1,19,7.1,67.5,No
"Whale
",Putt & Approach,2,3,0,1,1,21.1,2,1.5,1,19,7.1,75.25,Yes
"Wizard
",Putt & Approach,2,3,0,2,2,21.2,2.1,1.8,1,19.2,8.5,59.25,Yes
"Woodchuck
",Putt & Approach,2,2,-1,0,-1,21.2,2,1.5,0.9,19.3,7.1,64,Yes
"Xero
",Putt & Approach,2,3,0,0,0,21.2,2,1.5,1,19.2,7.1,68.75,Yes
"Xing
",Putt & Approach,2,4,0,1,1,21.3,2.1,1.7,1,19.3,8,71,Yes
"Yeti Aviar
",Putt & Approach,2,3,0,1,1,21.2,2,1.5,0.9,19.4,7.1,55.75,Yes
"Zephyr
",Putt & Approach,2,3,0,0,0,24.1,2.7,1.7,0.7,22.7,7.1,83,No
"Zingback
",Putt & Approach,2,3,0,0,0,22.3,2.8,1.7,0.7,20.9,7.6,76,No
"Anode
",Putt & Approach,2.5,3,0,0.5,0.5,21,2.1,1.4,1.1,18.9,6.7,54,No
"Ion
",Putt & Approach,2.5,3,0,1.5,1.5,21,1.9,1.6,1.1,18.8,7.6,62.5,Yes
"Spin
",Putt & Approach,2.5,4,-2,0,-2,21,1.9,1.5,1.1,18.8,7.1,60.75,No
"Zeppelin
",Putt & Approach,2.5,6,-1,0,-1,22.1,2,1.5,0.9,20.3,6.8,62,No
"A1
",Putt & Approach,3,3,0,3,3,21,2,1.3,1.4,18.2,6.2,41.75,Yes
"A5
",Putt & Approach,3,4,-1,1,0,21.3,1.9,1.4,1.2,19,6.6,54.75,No
"Aero
",Putt & Approach,3,6,0,0,0,21.7,2.5,1.3,1,19.6,6,43.75,No
"Alpaca
",Putt & Approach,3,3,0,1,1,21.1,2,1.5,1,19,7.1,63.75,No
"Alter
",Putt & Approach,3,3,0,1,1,21.2,2,1.5,1.1,19,7.1,61.5,Yes
"Atom
",Putt & Approach,3,3,0,1,1,21.1,1.9,1.4,1.1,18.8,6.6,60.75,No
"Aviar3
",Putt & Approach,3,2,0,2,2,21.2,1.9,1.5,1,19.2,7.1,55.75,No
"AviarX3
",Putt & Approach,3,2,0,3,3,21.3,1.8,1.6,1,19.3,7.5,55.75,No
"Bennu
",Putt & Approach,3,5,-1,0,-1,21,2.2,1.5,1.1,18.9,7.1,60.5,No
"Benny
",Putt & Approach,3,4,0,2,2,21.1,1.9,1.5,1.1,18.9,7.1,58.5,Yes
"Blowfly II
",Putt & Approach,3,2,0,2,2,21.7,2.3,1.7,1.4,18.9,7.8,46.6,No
"Breaker
",Putt & Approach,3,3,0,3,3,21,1.7,1.2,1,19,5.7,62,No
"Bull Snake
",Putt & Approach,3,2,0,4,4,21.1,2,1.3,1.3,18.5,6.2,61.25,Yes
"Bullfrog
",Putt & Approach,3,1,0,1,1,21.1,1.8,1.3,1,19,6.2,67.75,No
"Chainsaw
",Putt & Approach,3,5,0,1,1,21,2.2,1.5,1,19.1,7.1,66.5,No
"Chief
",Putt & Approach,3,3,0,1,1,21.1,1.7,1.3,1,19.2,6.2,60.5,Yes
"Chief OS
",Putt & Approach,3,3,0,2,2,21.2,2.1,1.3,1,19.2,6.1,55.75,Yes
"Classic Roc
",Putt & Approach,3,3,0,2,2,21.2,2,1.2,0.9,19.4,5.7,42.75,Yes
"Colt
",Putt & Approach,3,4,-1,1,0,21.2,1.8,1.3,1.1,19,6.1,59.75,Yes
"Condor
",Mid Range,3,4,0,2,2,24.1,2.2,1.6,1.3,21.5,6.6,49.25,No
"Copperhead
",Putt & Approach,3,4,0,2,2,21.6,1.8,1.3,1,19.6,6,55.5,Yes
"Crater
",Putt & Approach,3,2,0,3,3,21.1,1.8,1.3,1.1,19,6.2,79.25,No
"Credo
",Putt & Approach,3,2,0,3,3,21.7,2,1.6,1.2,19.3,7.4,49.75,No
"Crown
",Putt & Approach,3,4,0,1,1,21.2,2,1.4,1,19.2,6.6,54,Yes
"Dart
",Putt & Approach,3,4,0,0,0,21.2,2.2,1.4,1.2,18.8,6.6,38,No
"Deputy
",Putt & Approach,3,4,-1.5,0,-1.5,21.2,2,1.5,1.1,19.1,7.1,61,No
"Devil Hawk
",Putt & Approach,3,3,0,4,4,21.2,2.1,1.3,1,19.2,6.1,70.25,Yes
"Eldritch
",Putt & Approach,3,3,0,1,1,21.2,2,1.5,1.1,18.9,7.1,55.75,No
"Envy
",Putt & Approach,3,3,0,2,2,21,1.8,1.4,1.1,18.8,6.7,52,No
"Fierce
",Putt & Approach,3,4,-2,0,-2,21.1,1.9,1.5,1,19,7.1,63.5,No
"Fragment
",Putt & Approach,3,4,0,1,1,21.2,1.8,1.5,1.1,19,7.1,68,No
"Gavel
",Putt & Approach,3,5,-2,0.5,-1.5,21.3,1.9,1.4,1.4,19.5,6.6,45.75,No
"Genesis
",Putt & Approach,3,3,-1.5,1,-0.5,21.1,2,1.5,1,19.1,7.1,59.5,No
"Habit
",Putt & Approach,3,5,-1,0,-1,22.1,2.1,1.6,1,20.1,7.2,63.25,No
"Hydra
",Putt & Approach,3,3,0,2,2,21.1,2,1.4,1.4,18.3,6.6,44.75,No
"Invader
",Putt & Approach,3,2,0,1,1,21.2,1.9,1.5,1,19.1,7.1,67.75,Yes
"Jack Rabbit
",Putt & Approach,3,3,0,3,3,21.1,2,1.5,1.2,18.7,7.1,57.25,No
"Jokeri
",Putt & Approach,3,3,1,2,3,21.3,1.8,1.5,1.1,19,7,54,No
"Kang
",Mid Range,3,5,-2,0,-2,21.5,1.8,1.4,1,19.6,6.5,59.5,Yes
"Koi
",Putt & Approach,3,4,-1,0,-1,21.1,1.8,1.4,1.1,18.8,6.6,62.25,No
"Lander
",Putt & Approach,3,4,-0.5,2,1.5,21,1.8,1.4,1.2,18.6,6.7,49.25,Yes
"Lockdown
",Putt & Approach,3,3,0,2,2,21.2,1.7,1.4,1,19.1,6.6,55.25,No
"Logic
",Putt & Approach,3,3,0,1,1,21.2,1.9,1.3,1.1,19,6.1,55,No
"Luna
",Putt & Approach,3,3,0,3,3,21.1,2,1.4,1.1,18.9,6.6,68.5,No
"Mad Mission
",Mid Range,3,3,0,2,2,21.2,1.8,1.4,1,19.2,6.6,70.5,Yes
"Madrone
",Putt & Approach,3,3,0,1,1,21,2.2,1.7,1,19,8.1,83.5,Yes
"Maiden
",Putt & Approach,3,4,0,1,1,21.2,1.8,1.3,1,19.2,6.1,57.75,Yes
"Manzanita
",Putt & Approach,3,3,0,2,2,21,2.1,1.6,1.1,18.7,7.6,67,No
"Marshal
",Putt & Approach,3,4,0,1,1,21.2,2,1.6,1.1,19.1,7.5,67,No
"Mirage
",Putt & Approach,3,4,-3,0,-3,21.2,1.9,1.2,1.1,19,5.7,50.25,Yes
"Muse
",Putt & Approach,3,3,0,2,2,21.2,2,1.6,1.2,18.8,7.5,61.5,No
"Narwhal
",Putt & Approach,3,5,0,0,0,21,2.3,1.2,1.2,18.5,5.7,53.25,No
"Nuno
",Putt & Approach,3,4,-1,1,0,21.1,2.3,1.5,1.2,18.8,7.1,55.5,No
"Omega Driver
",Putt & Approach,3,2,0,2,2,21.1,2,1.5,0.9,18.1,7.1,55.75,No
"Origo
",Putt & Approach,3,3,0,1,1,21.2,1.9,1.5,1.1,19.1,7.1,56.75,No
"P Model S
",Putt & Approach,3,5,0,2,2,21.2,2,1.5,1,19.2,7.1,56.25,Yes
"P Model US
",Putt & Approach,3,5,-1,1,0,21.3,2,1.5,1.1,19.1,7,63.75,No
"P Model US+
",Putt & Approach,3,5,-1,1,0,21.3,2,1.4,1.1,19.1,6.6,79.75,No
"P3
",Putt & Approach,3,2,0,3,3,21.2,2,1.2,1,19.2,5.7,59,No
"P3x
",Putt & Approach,3,2,0,3,3,21.2,1.9,1.6,1.1,19,7.5,62,Yes
"PA-1
",Putt & Approach,3,3,0,2,2,21,1.9,1.4,1,19,6.7,57.5,No
"PA-2
",Putt & Approach,3,3,0,1,1,21.1,1.9,1.4,1,19.1,6.6,47.5,No
"PA-3
",Putt & Approach,3,4,0,1,1,21,2,1.4,1,18.9,6.7,66,Yes
"PA-4
",Putt & Approach,3,3,-1,1,0,21,1.9,1.4,1,19,6.7,69.25,No
"PA-5
",Putt & Approach,3,4,-2,0.5,-1.5,21.4,1.9,1.4,0.9,19.5,6.5,58.25,No
"Particle
",Putt & Approach,3,3,0,2.5,2.5,21.1,2,1.4,1.1,18.8,6.6,61.25,No
"Peace Frog
",Putt & Approach,3,3,0,1,1,21,2.2,1.6,1,19.1,7.6,63.75,No
"Penny Putter
",Putt & Approach,3,3,0,2,2,21,1.9,1.5,1.1,18.8,7.1,61.5,No
"Phi
",Putt & Approach,3,4,0,1,1,21,2,1.5,1.1,18.9,7.1,71.5,No
"Pig
",Putt & Approach,3,1,0,3,3,21.2,2.1,1.4,1.4,18.4,6.6,57.5,No
"Plutonium
",Putt & Approach,3,3,0,1,1,21,2,1.5,1,19,7.1,77.75,No
"Ponderosa
",Putt & Approach,3,4,-2,0,-2,21.1,2.1,1.5,1,19,7.1,69.75,No
"Popcorn
",Putt & Approach,3,3,0,1,1,21.4,1.9,1.6,1.1,19.2,7.5,69.5,No
"Praxis
",Putt & Approach,3,3,0,1,1,21.2,1.8,1.4,1.2,18.8,6.6,60,No
"Proxy
",Putt & Approach,3,3,-1,0.5,-0.5,21,1.8,1.5,1.1,18.8,7.1,63.5,No
"Pure
",Putt & Approach,3,3,-1,1,0,21.2,1.8,1.4,1,19.2,6.6,48.25,No
"PX-3
",Putt & Approach,3,4,0,2.5,2.5,21,1.9,1.4,1,19,6.7,52,Yes
"Raze
",Putt & Approach,3,2,0,3,3,21.2,1.9,1.5,1.1,19,7.1,66.25,No
"Reko
",Putt & Approach,3,3,0,1,1,21.2,1.8,1.4,1,19.1,6.6,61.25,Yes
"Reko X
",Putt & Approach,3,3,0,2,2,21.4,1.9,1.4,1.1,19.2,6.5,49.5,Yes
"Ruby
",Putt & Approach,3,5,-3,1,-2,21.5,1.9,1.4,1,19.5,6.5,69,No
"Ruin
",Putt & Approach,3,3,0,3,3,21.8,1.8,1.4,1.3,19.1,6.4,49.25,No
"Ruru
",Putt & Approach,3,3,0,1,1,21,2.3,1.6,1,18.9,7.6,72.75,Yes
"Sensei
",Putt & Approach,3,3,0,1,1,21.3,2.3,1.4,1,19.2,6.6,71,No
"Shadowplay
",Putt & Approach,3,3,-2,0.5,-1.5,21.1,2,1.4,1.1,18.9,6.6,53,No
"Shaman
",Putt & Approach,3,3,-1,1,0,21.2,1.8,1.3,1,19.2,6.1,65.75,No
"Shield
",Putt & Approach,3,3,0,1,1,21.1,2.5,1.4,1,19,6.6,67,Yes
"ShoreBreak
",Putt & Approach,3,3,0,3,3,21.2,2,1.6,1.1,19,7.5,67.5,No
"Slammer
",Putt & Approach,3,2,0,3,3,21.2,1.8,1.4,1,19.2,6.6,53.5,No
"Sockibomb Slammer
",Putt & Approach,3,2,0,3,3,21.1,1.9,1.5,1.2,18.8,7.1,59,No
"Sparrow
",Putt & Approach,3,3,0,2,2,21.3,1.9,1.6,1.1,19.1,7.4,69.75,Yes
"Splinter
",Putt & Approach,3,2,0,3.5,3.5,21.3,2.4,1.5,1,19.2,7,71.25,No
"Stabilizer
",Putt & Approach,3,3.5,0,3,3,21.2,1.8,1.4,1.1,18.8,6.6,56.25,No
"Stego
",Mid Range,3,1,1,4,5,21.3,1.8,1.2,1,19.3,5.6,74,Yes
"Stud
",Putt & Approach,3,3,0,2,2,21.2,1.9,1.3,1.1,18.9,6.1,69.5,Yes
"Swan
",Putt & Approach,3,3,-1,0,-1,21.1,1.9,1.4,1.1,19,6.6,55.75,No
"Swan 1 Reborn
",Putt & Approach,3,3,-2.5,0,-2.5,21.1,1.9,1.3,1.1,18.9,6.2,52.5,No
"TeMoko
",Mid Range,3,4,0,0,0,23.7,2.9,2.3,0.7,22.3,9.7,74.5,No
"Tomb
",Putt & Approach,3,4,0,1,1,21.3,1.6,1.3,1.1,19.1,6.1,65.5,Yes
"Tui
",Putt & Approach,3,4,-1,0,-1,21.1,1.8,1.4,0.9,19.3,6.6,44.25,No
"Vaccine
",Mid Range,3,3,0,2,2,21.2,1.8,1.2,1,19.2,5.7,56.75,No
"War Hammer
",Putt & Approach,3,4,0,2,2,21.2,2,1.5,1,19.3,7.1,51.5,No
"Warhog
",Putt & Approach,3,3,0,1,1,21.2,2.2,1.4,1.4,18.4,6.6,55.75,No
"Wings
",Mid Range,3,3,0,2,2,21.2,1.8,1.2,1,19.2,5.7,56.75,Yes
"XD
",Putt & Approach,3,4,-1,1,0,21.2,2,1.2,0.9,19.4,5.7,42.75,No
"XD +
",Putt & Approach,3,4,-1,1,0,21.2,2,1.2,0.9,19.4,5.7,42.75,No
"Yan
",Mid Range,3,6,0,0,0,21.9,2.2,1.4,1.1,19.7,6.4,49,No
"Yi
",Putt & Approach,3,3,-1,2,1,21.2,1.9,1.4,1,19.1,6.6,49.75,No
"Zeal
",Putt & Approach,3,4,-2,0,-2,21.2,2.3,1.5,1.1,19.1,7.1,65,No
"Cohort
",Putt & Approach,3.5,4,0,1,1,21.1,1.8,1.3,1,19.1,6.2,58.5,No
"A2
",Putt & Approach,4,4,0,3,3,21,2,1.3,1.4,18.2,6.2,41.75,No
"A3
",Putt & Approach,4,4,0,3,3,21,2,1.3,1.4,18.2,6.2,50.25,Yes
"A4
",Putt & Approach,4,4,-1,2,1,21,2,1.3,1.4,18.2,6.2,61.75,Yes
"Alias
",Mid Range,4,4,-1,1,0,21.5,1.8,1.2,1.2,19.1,5.6,61.5,No
"Alpas
",Putt & Approach,4,4,-2,1,-1,21,1.9,1.2,1.2,18.6,5.7,53,No
"Angler
",Mid Range,4,3,0,3,3,21.5,2,1.4,1.5,18.5,6.5,44,No
"Anvil
",Mid Range,4,2,0,4,4,21.3,1.8,1.2,1.5,18.3,5.6,41.75,No
"Aurora MS
",Mid Range,4,5,0,0,0,21.8,1.8,1.2,1.2,19.4,5.5,36.75,No
"Axe
",Mid Range,4,3,0,1,1,21.2,2,1.3,1,19.2,6.1,57,No
"Baobab
",Putt & Approach,4,0,1,3,4,21.3,1.7,1.3,1.1,19.1,6.1,86.5,No
"Bounty
",Mid Range,4,5,-1.5,0.5,-1,21.9,1.8,1.2,1.2,19.5,5.9,40.25,Yes
"Bulldog
",Mid Range,4,3,0,2,2,21.1,2,1.6,1.3,18.6,7.6,45,No
"Caribou
",Mid Range,4,5,-3,1,-2,21.8,2.1,1.3,1.3,19.3,6,40.75,Yes
"Cobra
",Mid Range,4,5,-2,2,0,21.7,2,1.1,1.2,19.3,5.1,35.25,No
"Comet
",Mid Range,4,5,-2,1,-1,21.8,2.1,1.3,1.2,19.4,6,35.25,Yes
"Coyote
",Mid Range,4,5,0,1,1,21.7,1.9,1.3,1.2,19.4,6,47.25,No
"Crag
",Mid Range,4,3,0,3.5,3.5,21.4,2,1.4,1.4,18.6,6.5,31.75,No
"Crossbow - Nu
",Mid Range,4,1.5,0.5,4,4.5,21.3,1.6,1.3,1.6,18.2,6.1,42.75,No
"Culprit
",Putt & Approach,4,3,0,3.5,3.5,21.3,1.6,1.3,1.2,18.9,6.1,46.25,No
"Distortion
",Putt & Approach,4,3,0,3,3,21.4,1.9,1.3,1.3,18.9,6.1,48.25,No
"Douglas Fir
",Putt & Approach,4,3,-2,1,-1,21.2,1.8,1.3,1,19.2,6.1,65,No
"Entropy
",Putt & Approach,4,3,0,3,3,21.2,2,1.4,1.2,18.8,6.6,31.75,No
"Fuji
",Mid Range,4,4,0,2,2,21.7,1.8,1.2,1.3,18.9,5.5,42.75,No
"Gatekeeper
",Mid Range,4,5,0,2,2,21.7,1.8,1.3,1.4,18.9,6,41.25,No
"Ghost
",Mid Range,4,5,0,3,3,21.7,2,1.3,1.2,19.3,6,42.75,No
"Golem
",Putt & Approach,4,2,0,4,4,21.2,1.7,1.4,1.2,18.8,6.6,47.5,No
"Gote
",Mid Range,4,5,0,1,1,21.9,2.1,1.3,1.3,19.3,5.9,42.25,No
"Grizzly
",Mid Range,4,4,0,2,2,21.9,2,1.3,1.3,19.3,5.9,42.25,No
"Harp
",Putt & Approach,4,3,0,3,3,21.2,1.6,1.4,1.1,19,6.6,65,Yes
"Harpoon
",Mid Range,4,3,0,2,2,21.5,1.7,1.2,1.2,19.1,5.6,54.25,No
"Havu
",Putt & Approach,4,4,0,0,0,21.5,1.8,1.5,1.1,19.3,7,55.5,No
"Hawk
",Mid Range,4,3,-2,2,0,21.5,1.8,1.2,1.2,19.1,5.6,33,No
"Hellbender
",Putt & Approach,4,4,0,2,2,21.2,1.7,1.3,1.1,19,6.1,60.5,No
"Hellbender Razorback
",Putt & Approach,4,4,0,3,3,21.1,1.9,1.3,1.1,18.9,6.2,60.5,No
"I-One
",Mid Range,4,5,0,0,0,22.1,2,1.4,0.9,20.3,6.3,65.25,Yes
"Kea
",Mid Range,4,3,0,3,3,21.2,1.9,1.4,1.4,18,6.6,62.75,Yes
"King Cobra
",Mid Range,4,5,0,2,2,21.7,2,1.1,1.2,19.3,5.1,35.25,No
"Kon Tiki
",Mid Range,4,5,-3,0,-3,21.2,1.7,1.2,1.1,19,5.7,52.5,Yes
"Loki
",Mid Range,4,2,0,4,4,21.4,1.9,1.3,1.5,18.5,6.1,44.5,No
"Lycan
",Mid Range,4,5,0,1,1,21.8,2.1,1.4,1.5,18.8,6.4,49.75,No
"M Model US
",Mid Range,4,5,-1,1,0,21.8,1.9,1.5,1.3,19.1,6.9,53,No
"Maestro
",Mid Range,4,3,0,2,2,21.3,1.7,1.3,1,19.2,6.1,55.25,No
"Mako
",Mid Range,4,5,0,0,0,21.7,2.1,1.4,1.2,19.3,6.5,52.75,No
"MD
",Mid Range,4,5,0,0,0,21.8,2.1,1.4,1.4,19,6.4,48.25,No
"MD2
",Mid Range,4,5,0,2,2,21.7,2,1.4,1.4,19,6.5,43.75,No
"Mint
",Putt & Approach,4,3,0,3,3,21.4,1.7,1.4,1.3,18.9,6.5,54,No
"Moose
",Mid Range,4,5,0,2,2,21.8,2.1,1.3,1.3,19.3,6,41,No
"No3 Hookshot
",Mid Range,4,5,-1,2,1,21.9,2.1,1.2,1.3,19.2,5.5,27.5,No
"No3 Hyzer
",Mid Range,4,4,0,4,4,22.1,2,1.2,1.6,18.9,5.4,31,No
"Nordic Warrior
",Mid Range,4,4,0,2,2,21.5,2,1.4,1.4,18.7,6.5,36,No
"Pain
",Mid Range,4,4,0,3,3,21.7,2,1.4,1.4,18.9,6.5,40.75,No
"Passport
",Putt & Approach,4,4,-1,1,0,21.2,2.1,1.6,1,19.2,7.5,64,No
"Peach
",Mid Range,4,5,-2,1,-1,21.4,1.9,1.3,1.4,18.6,6.1,45,No
"Pearl
",Mid Range,4,6,-4,0,-4,21.6,1.8,1.2,1.2,19.2,5.6,49.25,No
"Peppermint
",Putt & Approach,4,2,0,4,4,21.2,1.7,1.4,1.4,18.5,6.6,44.25,No
"Pteranodon
",Mid Range,4,6,-2,1,-1,21.6,2.3,1.2,1.4,18.8,5.6,44.5,Yes
"Rancho Roc
",Mid Range,4,4,0,3,3,21.7,2,1.3,1.2,19.3,6,43,Yes
"Rat
",Mid Range,4,2,0,3,3,21.2,1.8,1.3,1.2,18.8,6.1,66.75,No
"Razor Claw Tactic
",Putt & Approach,4,2,0,4,4,21.3,2,1.4,1.1,19,6.6,57.75,No
"Ringer
",Putt & Approach,4,4,0,2,2,21,1.8,1.2,0.9,19.2,5.7,67.75,No
"Ringer GT
",Putt & Approach,4,4,0,3,3,21.1,1.7,1.1,1,19,5.2,63.25,Yes
"Roc
",Mid Range,4,4,0,3,3,21.7,2,1.3,1.2,19.3,6,43,Yes
"Roc+
",Mid Range,4,4,0,3,3,21.7,2,1.3,1.2,19.3,6,43,No
"Savior
",Putt & Approach,4,4,0,3,3,21.4,1.7,1.2,1.2,19.1,5.6,46.75,No
"Shark
",Mid Range,4,4,0,2,2,21.7,2.1,1.3,1.2,19.3,6,39.5,No
"Shockwave
",Mid Range,4,2,0,3,3,21.5,2.2,1.3,1.3,18.9,6,47.75,No
"Shu
",Mid Range,4,5,-2,1,-1,21.8,1.8,1.1,1.3,19.1,5,36.75,No
"Sol
",Mid Range,4,5,-3,0,-3,21.1,1.7,1.3,1.1,18.9,6.2,51.25,No
"Spike
",Putt & Approach,4,3,-1,1,0,21.2,1.8,1.3,1,19.2,6.1,56.25,No
"Stingray
",Mid Range,4,5,-3,1,-2,21.7,1.8,1.1,1.2,19.3,5.1,38.25,No
"Super Stingray
",Mid Range,4,5,-1,1,0,21.7,1.8,1.1,1.2,19.3,5.1,38.25,No
"Suspect
",Mid Range,4,3,0,3,3,21.3,1.6,1.2,1.2,18.9,5.6,47.5,No
"Tactic
",Putt & Approach,4,2,0,3,3,21.4,1.8,1.4,1.1,19.1,6.5,53,No
"Tailor
",Mid Range,4,4,0,1,1,21.7,1.8,1.3,1.3,19.1,6,45.25,No
"Tangent
",Mid Range,4,4,-0.5,0.5,0,21.5,2.1,1.3,1.2,19.1,6,54.5,No
"Taurus
",Mid Range,4,4,0,4,4,21.7,2,1.5,1.4,19,6.9,66.75,Yes
"Temple
",Putt & Approach,4,3,0,3,3,21.3,1.7,1.4,1.2,18.9,6.6,53,No
"Tempo
",Putt & Approach,4,4,0,2.5,2.5,21.2,1.6,1.4,1.2,18.7,6.6,55.5,No
"Tensor
",Mid Range,4,4,0,2.5,2.5,21.5,2,1.3,1.2,19.1,6,46.75,No
"The Baron
",Mid Range,4,3,0,2.5,2.5,21.2,2,1.6,2.3,18.7,7.5,62.25,No
"Theory
",Mid Range,4,4,-1.5,1,-0.5,21.5,1.9,1.3,1.2,19.1,6,50,No
"Thor
",Mid Range,4,4,0,2,2,21.7,2.1,1.3,1.3,19.1,6,40.25,Yes
"Toro
",Putt & Approach,4,2,1,3,4,21.2,1.7,1.4,1.3,18.6,6.6,68.25,No
"Uranium
",Mid Range,4,2,0,2,2,21.2,1.5,1.4,1.3,18.7,6.6,49.5,No
"Vertex
",Mid Range,4,4,-2,0.5,-1.5,21.5,1.9,1.3,1.2,19,6,46.75,No
"VRoc
",Mid Range,4,4,0,1,1,21.8,2,1.3,1.4,19,6,43,No
"Walrus
",Mid Range,4,5,0,3,3,21.8,1.9,1.2,1.3,19.3,5.5,48.75,No
"Wedge
",Mid Range,4,3,-3,1,-2,21.2,1.7,1.2,1,19.2,5.7,47.25,No
"Wolf
",Mid Range,4,3,-4,1,-3,21.8,1.6,1.1,1.2,19.4,5,30.25,No
"Yao
",Mid Range,4,4,0,2,2,21.6,1.9,1.4,1.4,18.8,6.5,39.75,No
"Zone
",Putt & Approach,4,3,0,3,3,21.1,2,1.3,1.2,18.8,6.2,46,No
"Zone OS
",Putt & Approach,4,2,1,5,6,21.2,1.8,1.4,1.2,18.9,6.6,64.25,No
"Jarn
",Mid Range,4.5,3,0,3,3,21.3,1.8,1.4,1.3,18.8,6.6,51.5,No
"Addax
",Mid Range,5,5,0,2,2,21.7,1.7,1.3,1.5,18.7,6,39.25,Yes
"Addax V2
",Mid Range,5,5,0,1,1,21.5,1.6,1.3,1.4,18.6,6,45.5,No
"Aftershock
",Mid Range,5,4,0,2,2,21.5,2,1.2,1.3,18.9,5.6,38,No
"Anchor
",Mid Range,5,4,0,3,3,21.7,1.8,1.5,1.4,18.9,6.9,43.25,Yes
"Antidote
",Mid Range,5,5,0,1,1,21.5,2,1.3,1.3,18.9,6,43.25,No
"Anubis
",Mid Range,5,5,0,0,0,21.8,2.1,1.3,1.4,18.7,6,50,No
"Apollo
",Mid Range,5,5,-1,2,1,21.8,1.8,1.3,1.3,19.1,6,49.75,No
"Archer
",Mid Range,5,4,-4,1,-3,21.5,1.8,1.1,1.5,18.5,5.1,36,No
"Arcturus
",Mid Range,5,6,-1,0,-1,21.8,2,1.2,1.3,19.2,5.5,38.25,No
"Atlas
",Mid Range,5,4,0,1,1,21.8,1.7,1.4,1.4,19.1,6.4,46.25,No
"Avatar
",Mid Range,5,4,0,2,2,21.7,1.8,1.4,1.1,19,6.6,52.25,No
"Axis
",Mid Range,5,5,-1,1,0,21.8,2.1,1.3,1.3,19.2,6,43.75,No
"Badger
",Mid Range,5,3,0,3,3,21.4,1.6,1.3,1.5,18.3,6.1,42,No
"Bard
",Mid Range,5,4,0,3,3,21.7,1.9,1.3,1.5,18.8,6,42.5,No
"Barracuda
",Mid Range,5,4,-2,3,1,22.5,1.7,1.2,1.6,19.3,5.3,30.75,Yes
"Battleship
",Mid Range,5,4.5,0,2.5,2.5,21.4,1.8,1.4,1.4,18.5,6.5,50.5,No
"BB6
",Mid Range,5,5,-2,1,-1,21.3,2.1,1.3,1.2,18.8,6.1,58.5,No
"Beech
",Mid Range,5,2,0,3,3,21.9,1.8,1.3,1.6,18.7,5.9,39,Yes
"Berry
",Mid Range,5,5,-1,1,0,21.4,1.7,1.4,1.3,18.8,6.5,50.5,No
"Bobcat
",Mid Range,5,4,0,2.5,2.5,21.4,1.9,1.4,1.4,18.5,6.5,36,No
"Buzzz
",Mid Range,5,4,-1,1,0,21.7,1.9,1.3,1.2,19.3,6,44,No
"Buzzz GT
",Mid Range,5,5,0,1,1,21.5,1.7,1.3,1.3,19,6,44,No
"Buzzz OS
",Mid Range,5,4,0,3,3,21.7,1.7,1.2,1.3,19.1,5.5,45.75,No
"Buzzz SS
",Mid Range,5,4,-2,1,-1,21.6,2.1,1.3,1.3,19,6,43.5,No
"Chariot
",Mid Range,5,5,0,1,1,21.8,1.7,1.4,1.4,19,6.4,51.5,No
"Claymore
",Mid Range,5,5,-1,1,0,21.7,1.9,1.2,1.4,18.9,5.5,42.5,No
"Commander
",Mid Range,5,3,0,4,4,21.8,2.2,1.2,1.4,19,5.5,42,No
"Compass
",Mid Range,5,5,0,1,1,21.6,2.3,1.3,1.3,19,6,42.75,No
"Conquest
",Mid Range,5,4,-2,1,-1,21.6,1.6,1.1,1.3,19,5.1,37.5,No
"Cro
",Mid Range,5,3,0,2,2,21.2,2,1.4,1.3,18.5,6.6,48.5,No
"Crossbow
",Putt & Approach,5,5,-1,0,-1,21.9,1.6,1.2,1.4,19.1,5.5,32.75,No
"Deflector
",Mid Range,5,3.5,0,4,4,21.5,2,1.3,1.6,18.3,6,40,No
"Despair
",Mid Range,5,4,-1,1,0,21.4,2.1,1.4,1.3,18.8,6.5,46.25,No
"Dingo
",Mid Range,5,5,0,3,3,21.5,1.6,1.3,1.3,18.9,6,45,No
"Dragonfly
",Mid Range,5,4,-3,1,-2,21,1.6,1.1,1.4,19.1,5.2,43,No
"Drone
",Mid Range,5,3,1,4,5,21.5,2,1.3,1.5,18.5,6,41.25,No
"Echo
",Mid Range,5,5,-1.5,1,-0.5,21.4,1.6,1.3,1.5,18.5,6.1,42,No
"Eden
",Mid Range,5,4,0,2,2,21.3,2,1.3,1.3,18.7,6.1,47.75,No
"Element
",Mid Range,5,5,-1,1,0,22.1,1.7,1.3,1.3,19.6,5.9,39.5,No
"EMac Truth
",Mid Range,5,5,0,2,2,21.7,1.8,1.2,1.5,18.7,5.5,42.25,No
"Evidence
",Mid Range,5,5,-1,0,-1,21.7,1.8,1.2,1.4,18.7,5.5,41.25,No
"Eye
",Mid Range,5,5,-1,1,0,21.9,1.8,1.2,1.4,19,5.5,46.75,No
"Flip
",Mid Range,5,6,-4,1,-3,21.7,1.9,1.3,1.3,19.1,6,45.25,No
"Foxbat
",Mid Range,5,6,-1,0,-1,21.7,2.2,1.4,1.4,19,6.5,33.5,No
"Frag
",Mid Range,5,2,0,5,5,22.1,1.9,1.2,1.6,18.9,5.4,41,No
"Fugitive
",Mid Range,5,5,-0.5,1.5,1,21.8,2.1,1.3,1.4,19.1,6,39,Yes
"Fuse
",Mid Range,5,6,-1,0,-1,21.9,2.1,1.3,1.3,19.3,5.9,42.5,No
"Gator
",Mid Range,5,2,0,4,4,21.2,1.9,1.4,1.3,18.6,6.6,49.5,Yes
"Gator3
",Mid Range,5,2,0,3,3,21.2,1.8,1.4,1.5,18.2,6.6,49.5,Yes
"Gauge
",Mid Range,5,5,0,1,1,21.8,2.2,1.4,1.2,19.4,6.4,48.25,No
"Gila
",Mid Range,5,4,0,3,3,21,1.6,1.2,1.4,19.2,5.7,36.5,Yes
"Gremlin GM
",Mid Range,5,4,0,2,2,21.2,1.8,1.2,1.4,18.5,5.7,45.25,Yes
"Griffin
",Mid Range,5,3,1,3,4,21.2,2,1.3,1.7,17.8,6.1,33.25,No
"Griffon
",Mid Range,5,4,-2.5,0,-2.5,21.6,1.9,1.4,1.3,18.9,6.5,41.25,No
"Havran
",Mid Range,5,5,-1,1,0,22,2,1.3,1.4,19.2,5.9,42.5,No
"Hex
",Mid Range,5,5,-1,1,0,21.4,1.6,1.3,1.4,18.5,6.1,45,No
"Hornet
",Mid Range,5,5,0,4,4,21.5,1.9,1.3,1.3,18.9,6,41.5,No
"Ibex
",Mid Range,5,4,-1,1,0,21.5,2.4,1.3,1.3,18.9,6,46.25,No
"Inca
",Mid Range,5,5,0,3,3,21.7,1.9,1.4,1.3,19,6.5,36.25,No
"Interceptor
",Mid Range,5,4,0,3,3,21.1,1.5,1.1,1.4,18.2,5.2,49.5,No
"Jay
",Mid Range,5,4,0,1,1,21.7,1.7,1.2,1.4,18.9,5.5,45.75,No
"Jireh
",Mid Range,5,5,-1,1,0,21.6,2,1.4,1.3,19,6.5,44,Yes
"Justice
",Mid Range,5,1,0.5,4,4.5,21.3,1.7,1.3,1.5,18.3,6.1,39.5,No
"Kanto
",Mid Range,5,5,0,2,2,22.1,1.9,1.4,1.4,19.3,6.3,41.5,Yes
"Kapre
",Mid Range,5,5,-1,1,0,21.4,2.3,1.4,1.6,18.3,6.5,51.25,No
"Karma
",Mid Range,5,5,-1,3,2,21.9,1.9,1.1,1.4,19.1,5,42.5,Yes
"Kite
",Mid Range,5,6,-3,1,-2,21.2,1.9,1.3,1.6,17.9,6.1,36.25,No
"Kotuku
",Mid Range,5,5,0,2,2,21.7,1.7,1.4,1.4,19,6.5,48.75,No
"Kui
",Mid Range,5,5,0,2.5,2.5,21.2,2.1,1.3,1.6,17.9,6.1,35.75,No
"Launch
",Mid Range,5,5,-1,2,1,21.4,2.1,1.3,1.3,18.8,6.1,51.25,No
"Lava
",Mid Range,5,5,-1.5,1,-0.5,21.9,1.7,1.3,1.3,19.2,5.9,48,No
"Leviathan
",Mid Range,5,4,-3,0,-3,21.3,1.9,1.1,1.4,18.6,5.2,42,No
"Lion
",Mid Range,5,4,0,2,2,21.7,1.7,1.4,1.3,19,6.5,54.75,No
"Lithium
",Mid Range,5,4,-2,1,-1,21.9,1.5,1.3,1.5,18.9,5.9,51.75,No
"Lobster
",Mid Range,5,5,-3,1,-2,21.5,1.8,1.3,1.4,18.6,6,47.5,No
"Lone Wolf
",Mid Range,5,5,-3,1,-2,21.6,1.5,1.1,1.4,18.9,5.1,41.75,Yes
"Lucky
",Mid Range,5,5,-2,1,-1,21.7,1.7,1.3,1.3,19.1,6,43.5,No
"M1
",Mid Range,5,4,0,3,3,21.7,2,1.3,1.4,18.9,6,39.25,No
"M2
",Mid Range,5,4,0,2,2,21.7,2,1.3,1.4,18.9,6,41,No
"M3
",Mid Range,5,5,-1,2,1,21.7,1.9,1.3,1.4,18.9,6,43.25,No
"M4
",Mid Range,5,5,-1,1,0,21.7,2,1.3,1.4,18.9,6,52,No
"M5
",Mid Range,5,5,-3,1,-2,21.7,2.2,1.3,1.3,19,6,46.5,No
"Mace
",Mid Range,5,5,0,2,2,21.8,2.1,1.3,1.3,19.2,6,38.75,No
"Magma
",Mid Range,5,5,0,2,2,21.9,1.7,1.3,1.5,18.9,5.9,42.25,No
"Magnolia
",Mid Range,5,5,0,2,2,21.8,2,1.2,1.4,19,5.5,45.5,No
"Mako3
",Mid Range,5,5,0,0,0,21.7,1.9,1.4,1.4,19,6.5,52.75,No
"Malta
",Mid Range,5,4,1,3,4,21.3,1.7,1.3,1.3,18.6,6.1,45,No
"Mana
",Mid Range,5,5,-2,1,-1,21.5,1.8,1.4,1.4,18.6,6.5,53.5,No
"Mango
",Mid Range,5,4,0,4,4,21.4,1.8,1.4,1.4,18.7,6.5,44.25,No
"Manta
",Mid Range,5,5,-2,1,-1,21.8,1.9,1.2,1.4,19,5.5,37.25,No
"Matrix
",Mid Range,5,4,-1,2,1,21.5,1.6,1.4,1.4,18.7,6.5,46.5,No
"MD1
",Mid Range,5,6,0,0,0,21.7,2.1,1.4,1.3,19.1,6.5,53,No
"MD3
",Mid Range,5,5,0,1,1,21.8,2,1.4,1.4,18.9,6.4,47,No
"MD4
",Mid Range,5,4,0,3,3,21.7,1.6,1.4,1.4,18.9,6.5,51.25,Yes
"MD5
",Mid Range,5,3,0,4,4,21.1,1.9,1.3,1.4,18.3,6.2,62.25,Yes
"Medius
",Mid Range,5,5,-1,2,1,21.5,2.4,1.2,1.4,18.8,5.6,42.5,No
"Meteor
",Mid Range,5,5,-3,1,-2,21.5,2,1.3,1.3,18.9,6,49.25,No
"Method
",Mid Range,5,5,0,3,3,21.7,1.9,1.4,1.3,19,6.5,44,No
"Mid Disc3
",Mid Range,5,5,0,2,2,21.7,1.8,1.3,1.4,18.9,6,43.75,No
"Midari
",Mid Range,5,4,-1,2,1,21.6,1.8,1.5,1.4,18.8,6.9,37.5,No
"Middy
",Mid Range,5,5,0,3,3,21.4,1.6,1.2,1.3,18.8,5.6,42.75,No
"Mortar
",Mid Range,5,2,0,3,3,21.2,1.9,1.4,1.4,18.4,6.6,56.75,No
"Mustang
",Mid Range,5,5,0,2,2,21.5,1.6,1.3,1.4,18.6,6,44.5,No
"Mutant
",Mid Range,5,3,0,4,4,21.7,1.8,1.2,1.3,19,5.5,40.75,No
"MX-1
",Mid Range,5,2,0,4,4,21.3,2,1.3,1.5,18.3,6.1,41.75,No
"MX-3
",Mid Range,5,4,0,2,2,21.7,1.9,1.3,1.4,18.9,6,32.75,Yes
"Mystic
",Mid Range,5,5,-2,0,-2,22,2,1.1,1.5,19,5,49.75,No
"Navigator
",Mid Range,5,4,-1,2,1,21.6,1.7,1.5,1.4,18.9,6.9,40.5,No
"Nebula
",Mid Range,5,4,-0.5,2,1.5,21.3,2,1.3,1.3,18.7,6.1,44.5,No
"No2 Hookshot
",Mid Range,5,5,-1,3,2,21.5,2.1,1.1,1.3,18.9,5.1,40,No
"No2 Hyzer
",Mid Range,5,5,1,4,5,21.1,2,1.2,1.6,17.9,5.7,29,No
"Obex
",Control Driver,5,4,0,3,3,21.5,2.1,1.2,1.3,18.9,5.6,41,No
"Orbit
",Mid Range,5,4,0,3,3,21.2,2.1,1.3,1,19.2,6.1,60,Yes
"Origin
",Mid Range,5,5,-1,1,0,21.4,1.6,1.2,1.3,18.8,5.6,46.5,No
"Panther
",Mid Range,5,4,-2,1,-1,21.2,1.9,1.2,1.3,18.6,5.7,34,No
"Paradox
",Mid Range,5,4,-4,0,-4,21.5,1.8,1.3,1.3,18.9,6,50.25,No
"Pathfinder
",Mid Range,5,5,0,1,1,21.5,1.7,1.3,1.4,18.6,6,43,No
"Patrol
",Mid Range,5,5,-3,1,-2,21.7,1.6,1.2,1.4,18.8,5.5,44,No
"Pine
",Mid Range,5,4,0,2,2,21.7,1.9,1.3,1.5,18.7,6,39.75,No
"Piwakawaka
",Mid Range,5,6,-1,0,-1,21.8,2,1.2,1.3,19.2,5.5,38.25,No
"Proof
",Mid Range,5,6,-3,1,-2,21.5,1.5,1.1,1.3,19,5.1,39.5,No
"Prophecy
",Mid Range,5,5,0,2,2,21.9,1.7,1.2,1.5,19,5.5,38.5,Yes
"Pursuit
",Mid Range,5,3,0,3,3,21.3,1.6,1.3,1.5,18.3,6.1,44,No
"Pyro
",Mid Range,5,4,0,2.5,2.5,21.5,1.6,1.3,1.6,18.4,6,42.25,No
"Quake
",Mid Range,5,3,0,3,3,21.6,1.7,1.2,1.5,18.6,5.6,40,No
"Ra
",Mid Range,5,4,0,2.5,2.5,21.7,1.8,1.4,1.4,18.8,6.5,50.25,Yes
"Reactor
",Mid Range,5,5,-0.5,1.5,1,21.4,1.7,1.3,1.4,18.5,6.1,44.5,No
"Recluse
",Mid Range,5,3,0,4,4,21.3,1.6,1.3,1.5,18.3,6.1,44,Yes
"Rift
",Mid Range,5,4,-1,1.5,0.5,21.6,1.8,1.3,1.5,18.6,6,47,No
"Roc3
",Mid Range,5,4,0,3,3,21.8,2,1.3,1.4,19,6,43,Yes
"RocX3
",Mid Range,5,4,0,3.5,3.5,21.8,2,1.4,1.4,19,6.4,49.75,Yes
"Rollo
",Mid Range,5,6,-5,1,-4,21.8,1.6,1.1,1.5,18.8,5,32.75,Yes
"Runway
",Mid Range,5,4,0,3.5,3.5,21.5,1.7,1.4,1.4,18.6,6.5,47.25,Yes
"Scorpion
",Mid Range,5,5,-1,2,1,22.5,2.1,1.2,1.7,19.1,5.3,29.5,Yes
"Sentinel MF
",Mid Range,5,4,0,4,4,21.7,2.1,1.2,1.3,19.1,5.5,27.5,Yes
"Shark3
",Mid Range,5,4,0,2,2,21.8,2,1.3,1.4,19,6,39.5,No
"Shotgun
",Mid Range,5,5,0,2,2,22,1.8,1.3,1.6,18.8,5.9,48.25,No
"Silent Cruiser
",Mid Range,5,5,0,2.5,2.5,21.1,1.8,1.3,1.6,17.8,6.2,39.5,No
"Silicon
",Mid Range,5,4,0,3,3,21.6,1.8,1.4,1.3,18.9,6.5,45,No
"Skeeter
",Mid Range,5,5,-1,1,0,21.2,1.9,1.3,1.3,18.7,6.1,43.25,No
"Skylark
",Mid Range,5,4,0,2,2,21.7,1.9,1.5,1.4,19.3,6.9,46.5,No
"Sling
",Mid Range,5,5,0,1,1,21.8,1.8,1.2,1.3,19.3,5.5,41,No
"Solstice
",Mid Range,5,4,0,3,3,21.8,1.7,1.3,1.4,18.9,6,55.75,No
"Spider
",Mid Range,5,3,0,1,1,21.2,1.7,1.4,1.3,18.6,6.6,45,No
"Spruce
",Mid Range,5,4,-1,2,1,22,1.7,1.2,1.5,19.1,5.5,52.75,No
"STARi
",Mid Range,5,4,-2,1,-1,21.6,1.9,1.4,1.3,18.9,6.5,45,No
"Stratus
",Mid Range,5,4,-4,1,-3,21.4,1.8,1.2,1.2,19,5.6,36.25,No
"Supra
",Mid Range,5,5,0,1,1,21.6,1.7,1.2,1.4,18.9,5.6,45,No
"Supreme Fugitive
",Mid Range,5,3,0,4,4,21.7,1.9,1.3,1.5,18.7,6,39,Yes
"Svea
",Mid Range,5,6,-1,0,-1,21.9,2.1,1.3,1.3,19.3,5.9,41.5,No
"Texas Ranger
",Mid Range,5,5,-1,1,0,21.4,1.8,1.2,1.4,18.6,5.6,37.5,No
"Tomahawk
",Mid Range,5,6,0,0,0,21.6,1.9,1.3,1.3,19,6,34.75,No
"Torpedo
",Mid Range,5,5,0,1,1,21.4,1.6,1.4,1.4,18.5,6.5,42.5,No
"Troija
",Mid Range,5,2,0,5,5,21.7,2.1,1.4,1.5,18.7,6.5,40,No
"Trust
",Mid Range,5,5,0,2,2,21.7,1.9,1.3,1.3,19.1,6,43.75,No
"Truth
",Mid Range,5,5,-1,1,0,21.7,1.7,1.2,1.5,18.7,5.5,41.5,No
"Tursas
",Mid Range,5,5,-2,1,-1,21.7,1.7,1.3,1.4,18.9,6,42.5,No
"Uplink
",Mid Range,5,5,-3,0.5,-2.5,21.5,1.8,1.4,1.3,18.8,6.5,45,No
"Ursus
",Mid Range,5,4,0,3,3,21.3,1.7,1.3,1.5,18.3,6.1,44.25,Yes
"Valor
",Mid Range,5,5,0,2,2,21.7,2.1,1.3,1.2,19.3,6,49,Yes
"VCobra
",Mid Range,5,5,-1,2,1,21.7,2,1.1,1.2,19.3,5.1,35.25,No
"Vector
",Mid Range,5,4,0,2,2,21.7,2.1,1.3,1.3,19.1,6,36.5,No
"Verdict
",Mid Range,5,4,0,3.5,3.5,21.7,1.7,1.2,1.5,18.7,5.5,43.25,No
"Walker
",Mid Range,5,3,0,4,4,21.4,1.7,1.2,1.4,18.6,5.6,34.5,Yes
"Wall Cloud
",Mid Range,5,5,0,3,3,21.9,2.1,1.3,1.5,18.8,5.9,31.25,Yes
"Warrant
",Mid Range,5,5,-2,0,-2,21.7,1.8,1.3,1.4,18.8,6,46.5,No
"Warrior
",Mid Range,5,4,0,3,3,22,1.9,1.2,1.4,19.3,5.5,42.5,Yes
"Warship
",Mid Range,5,6,0,1,1,21.7,2.1,1.3,1.4,18.9,6,31,No
"Wasp
",Mid Range,5,3,0,2,2,21.6,1.8,1.3,1.2,19.2,6,37,Yes
"Wombat
",Mid Range,5,6,-1,0,-1,21.8,2.2,1.4,1.4,18.9,6.4,36.25,Yes
"Wombat3
",Mid Range,5,6,-1,0,-1,21.7,1.8,1.2,1.4,18.9,5.5,30,Yes
"Zheng
",Mid Range,5,5,0,2,2,21.8,1.7,1.3,1.3,19.1,6,40.5,No
"Caiman
",Mid Range,5.5,2,0,4,4,21.1,1.7,1.4,1.4,18.3,6.6,66.5,No
"Code
",Mid Range,5.5,4,-0.5,2,1.5,21.2,1.6,1.2,1.4,18.3,5.7,32.5,No
"Code-X
",Mid Range,5.5,5,-1,2,1,21.2,1.6,1.2,1.4,18.3,5.7,36.75,No
"Croc
",Mid Range,5.5,2,0,5,5,21.1,2,1.4,1.4,18.3,6.6,56.25,No
"Jaguar
",Mid Range,5.5,6,-3,2,-1,24.1,1.7,1.4,1.6,20.9,5.8,36,No
"The Duchess
",Mid Range,5.5,5,-1,2,1,21.3,1.7,1.1,1.8,17.8,5.2,36.5,No
"The Duke
",Mid Range,5.5,4,0,3.5,3.5,21.5,1.9,1.4,1.7,18.1,6.5,35.25,No
"Ascend
",Control Driver,6,5,-3,0.5,-2.5,21.2,1.8,1.2,1.7,17.8,5.7,38,No
"Blaze
",Mid Range,6,4,0,3,3,21.1,1.9,1.2,1.7,17.7,5.7,30.25,No
"Cheetah
",Control Driver,6,4,-2,2,0,21.2,1.9,1.2,1.6,18,5.7,28.25,No
"Contrail
",Control Driver,6,5,0,2,2,21,1.5,1.3,1.6,17.7,6.2,39.25,No
"Core
",Mid Range,6,5,-0.5,1,0.5,21.7,2,1.2,1.4,18.9,5.5,48,No
"Demon
",Mid Range,6,4,0,4,4,21.1,1.9,1.2,1.7,17.7,5.7,30.25,No
"Flatline
",Control Driver,6,5,-0.5,1,0.5,21.2,1.6,1.1,1.6,18,5.2,32,No
"Gargoyle
",Control Driver,6,3,-1,2,1,21.2,2,1.2,1.4,18.4,5.7,43.5,No
"Gazelle
",Control Driver,6,4,0,2,2,21.2,1.8,1.2,1.6,18,5.7,28.25,No
"Glide
",Mid Range,6,5,-3,1,-2,21.5,2,1.3,1.5,18.6,6,36.5,No
"Gobi
",Mid Range,6,5,-0.5,1,0.5,21.7,1.8,1.3,1.4,18.8,6,37.5,No
"Helios
",Control Driver,6,5,-3,1,-2,21,1.6,1.1,1.6,17.7,5.2,34,No
"Impact
",Mid Range,6,6,-3,1,-2,21.6,2,1.3,1.3,19,6,33.75,No
"Jiao
",Control Driver,6,5,-2,1.5,-0.5,21.2,1.6,1.1,1.6,18,5.2,32,No
"Kaxe
",Mid Range,6,4,0,3,3,21,1.9,1.3,1.5,18,6.2,34,Yes
"Kaxe Z
",Mid Range,6,5,0,2,2,21.1,1.9,1.3,1.5,18,6.2,34,No
"Leopard
",Control Driver,6,5,-2,1,-1,21.2,1.6,1.1,1.6,18,5.2,29.25,No
"M Model OS
",Mid Range,6,4,-1,3,2,21.7,1.9,1.4,1.3,19.1,6.5,45.25,No
"M Model S
",Mid Range,6,4,0,3,3,21.7,2,1.5,1.3,19.1,6.9,47.25,No
"Magician
",Control Driver,6,4,0,2,2,21.2,1.8,1.3,1.6,17.9,6.1,39.75,No
"Midgard
",Control Driver,6,5,-1,1,0,21.1,1.7,1.1,1.8,17.5,5.2,32.5,No
"Moab
",Control Driver,6,4,1,5,6,21.8,1.7,1.2,1.8,18.4,5.7,38.25,No
"No1 Hookshot
",Control Driver,6,4,0,3,3,22.2,1.7,1.5,1.5,19.2,6.8,32.5,No
"No2 Roller
",Control Driver,6,6,-2,2,0,23.6,2.1,1.4,1.7,19.2,5.9,30.25,No
"No2 Slice
",Control Driver,6,5,-3,1,-2,21.6,2,1.1,1.3,19,5.1,27.25,No
"No3 Driver
",Control Driver,6,5,-2,3,1,22.5,2,1.2,1.6,19.3,5.3,29.75,No
"No3 Slice
",Mid Range,6,5,-3,1,-2,21.7,1.9,1.1,1.4,18.9,5.1,34,No
"Pelican
",Control Driver,6,5,-3,1,-2,21.1,2,1.2,1.7,17.7,5.7,29.5,No
"Polaris LS
",Control Driver,6,4,-1,1,0,21.1,1.9,1.1,1.6,17.9,5.2,35,No
"Radium
",Mid Range,6,4,-1,2,1,21.9,2,1.1,1.5,18.9,5.3,43.25,No
"Ram
",Control Driver,6,4,1,4,5,21.7,1.9,1.3,1.8,18.1,6,27.5,No
"Raven
",Control Driver,6,4,-2,2,0,21.7,1.9,1.2,1.6,18.5,5.5,29.25,Yes
"Relay
",Control Driver,6,5,-2,1,-1,21.1,1.5,1.2,1.7,17.7,5.7,35.75,No
"River Pro
",Control Driver,6,5,0,2,2,21.4,1.8,1.3,1.8,17.8,6.1,34,No
"Scout
",Mid Range,6,5,-1,2,1,21.8,2.1,1.1,1.4,19,5,58.75,No
"Signal
",Control Driver,6,5,-3,1,-2,21.1,1.5,1.2,1.2,17.7,5.7,35.5,No
"Squall
",Mid Range,6,4,-1,1,0,21.5,1.8,1.3,1.3,18.6,6,34.5,No
"Stig
",Mid Range,6,5,-2,1,-1,21.1,1.9,1.2,1.6,18,5.7,39,No
"Stryder
",Mid Range,6,4,0,3,3,21.8,2,1.5,1.3,19.2,6.9,48.75,No
"Tremor
",Mid Range,6,5,-4,1,-3,21.6,1.7,1.1,1.4,18.8,5.1,39.25,No
"Trident
",Control Driver,6,4,-0.5,3,2.5,21.4,1.4,1.1,1.9,17.6,5.1,36.75,No
"Viper
",Control Driver,6,4,1,5,6,21.7,2,1.3,1.6,18.5,6,29.25,No
"Whippet
",Control Driver,6,3,1,5,6,21.2,1.9,1.3,1.7,17.8,6.1,26,No
"Xtreme
",Control Driver,6,3,1,4,5,21,1.9,1.2,1.7,17.7,5.7,29,No
"Zombee
",Control Driver,6,4,-1,1,0,21.6,2.1,1.2,1.6,18.4,5.6,34.75,No
"Clash
",Control Driver,6.5,4,-1,2,1,21.1,1.4,1.1,1.8,17.5,5.2,33.5,No
"Crave
",Control Driver,6.5,5,-1,1,0,21.1,1.4,1.2,1.8,17.4,5.7,27.75,No
"Inspire
",Control Driver,6.5,5,-1.5,1,-0.5,21.1,1.5,1.2,1.8,17.4,5.7,32.75,No
"Resistor
",Control Driver,6.5,4,0,3.5,3.5,21.1,1.5,1.2,1.7,17.5,5.7,31.75,No
"Servo
",Control Driver,6.5,5,-1,2,1,21.1,1.4,1.2,1.8,17.5,5.7,32,No
"Switch
",Control Driver,6.5,5,-1.5,1,-0.5,21.1,1.4,1.2,1.8,17.5,5.7,31,No
"Athena
",Control Driver,7,5,0,2,2,21.3,1.5,1.1,1.8,16.6,5.2,30,No
"Banshee
",Control Driver,7,3,0,3,3,21.2,1.5,1.2,1.8,17.6,5.7,29.25,No
"Barbarian
",Control Driver,7,5,0,2,2,21.3,1.8,1.2,1.9,17.6,5.6,35.75,No
"Brazos
",Control Driver,7,5,0,2,2,21.2,1.7,1.1,1.8,17.7,5.2,29.25,No
"Centurion
",Control Driver,7,5,-1,1.5,0.5,21.1,1.8,1.2,1.7,17.8,5.7,37,No
"Cinder
",Control Driver,7,5,0,2,2,21.2,2.2,1.3,1.9,17.5,6.1,30.25,No
"Cookie
",Control Driver,7,5,0,2,2,21.4,1.7,1.2,1.8,17.8,5.6,35.5,No
"Cosmos
",Control Driver,7,5,0,1,1,21,1.6,1.1,1.8,17.4,5.2,28.5,No
"Cyclone
",Control Driver,7,4,-1,2,1,21.3,1.8,1.2,1.6,18.1,5.6,26,No
"Drift
",Control Driver,7,5,-2,1,-1,21.2,1.8,1.2,1.8,17.7,5.7,33,No
"Eagle
",Control Driver,7,4,-1,3,2,21.2,1.6,1.2,1.7,17.8,5.7,29.5,No
"Eclipse
",Control Driver,7,5,-2,2,0,22,1.6,1.2,1.4,19.2,5.5,26,No
"Evader
",Control Driver,7,4,0,2.5,2.5,21.2,1.9,1.1,1.8,17.5,5.2,26.75,No
"Exodus
",Control Driver,7,5,-0.5,2,1.5,21.1,1.8,1.1,1.8,17.5,5.2,36.25,No
"EXP-X
",Control Driver,7,3,1,4,5,21.1,1.6,1.2,1.8,17.5,5.7,28.25,No
"EXP1
",Control Driver,7,3,0,4,4,21.1,1.6,1.2,1.8,17.5,5.7,28.25,No
"Explorer
",Control Driver,7,5,0,2,2,21.2,1.7,1.1,1.8,17.7,5.2,32.75,No
"F1
",Control Driver,7,4,0,3,3,21.3,1.5,1.1,1.8,17.7,5.2,27.25,No
"F2
",Control Driver,7,5,-1,3,2,21.3,1.5,1.1,1.8,17.7,5.2,32.75,No
"F3
",Control Driver,7,5,-1,2,1,21.3,1.5,1.1,1.8,17.7,5.2,31.5,No
"F5
",Control Driver,7,5,-2,1,-1,21.3,1.9,1.2,1.8,17.7,5.6,35.75,No
"F7
",Control Driver,7,5,-3,1,-2,21.3,1.5,1.1,1.8,17.8,5.2,37,No
"Fairway Disc Dark Rebel
",Control Driver,7,6,-1,1,0,21.2,1.6,1.2,1.8,17.5,5.7,35.75,No
"FD
",Control Driver,7,6,0,1,1,21.2,1.4,1.1,1.7,17.7,5.2,39,No
"FD1
",Control Driver,7,4,0,2,2,21.2,1.7,1.1,1.8,17.6,5.2,36.25,No
"FD2
",Control Driver,7,4,0,2,2,21.2,1.6,1.1,1.8,17.5,5.2,33.75,No
"Frio
",Control Driver,7,5,-1,1,0,21.1,1.6,1.1,1.8,17.6,5.2,32.5,No
"Frontier
",Control Driver,7,5,-3,1,-2,21.2,2,1.2,1.9,17.4,5.7,26,No
"FU
",Control Driver,7,5,0,2,2,21.3,1.8,1.2,1.9,17.5,5.6,28.5,No
"Genius
",Control Driver,7,5,-4,1,-3,21.1,1.7,1.2,1.7,17.7,5.7,29.5,No
"Glory
",Control Driver,7,5,0,3,3,21.2,1.8,1.1,1.8,17.6,5.2,33,No
"Grackle
",Control Driver,7,5,-1,2,1,21.3,1.6,1.2,1.9,17.5,5.6,33.75,No
"Guadalupe
",Control Driver,7,6,-2,2,0,21.4,1.6,1.1,1.9,17.7,5.1,32.5,No
"Hawkeye
",Control Driver,7,5,-1,1,0,21.1,1.7,1.2,1.8,17.5,5.7,35.75,No
"Huia
",Control Driver,7,5,0,2,2,21.2,1.9,1.2,1.8,17.5,5.7,33.75,No
"Hybrid
",Control Driver,7,4,-0.5,3,2.5,21.2,2.2,1.3,1.7,17.8,6.1,32.5,No
"Instinct
",Control Driver,7,5,0,2,2,21.2,1.9,1.1,1.8,17.6,5.2,32.25,No
"IT
",Control Driver,7,6,-2,1,-1,21.2,1.6,1.2,1.8,17.5,5.7,38.75,No
"JLS
",Control Driver,7,5,-1,1,0,21,1.5,1.1,1.6,17.8,5.2,30.75,No
"Kraken
",Control Driver,7,5,-1,1,0,21.1,1.5,1.2,1.9,17.4,5.7,28.75,No
"Leopard3
",Control Driver,7,5,-2,1,-1,21.2,1.7,1.1,1.7,17.8,5.2,29.25,No
"Maul
",Control Driver,7,7,-2,1,-1,21.4,2,1.1,1.8,17.7,5.1,33,No
"Maverick
",Control Driver,7,4,-1.5,2,0.5,21.2,1.8,1.1,1.7,17.8,5.2,35,No
"Mermaid
",Control Driver,7,4,-1,2,1,21.3,1.8,1.2,1.9,17.5,5.6,41.75,No
"Mockingbird
",Control Driver,7,5,-2,1,-1,21,2,1.2,1.8,17.5,5.7,28.75,No
"Night Trooper
",Control Driver,7,6,-1,1,0,21,1.5,1.1,1.8,17.5,5.2,29.25,No
"No1 Driver
",Control Driver,7,4,-2,2,0,21.4,1.5,1.1,1.6,18.2,5.1,28.75,No
"No1 Hyzer
",Control Driver,7,3,0,4,4,21.7,1.8,1.3,1.8,18.1,6,29.25,No
"No1 Roller
",Control Driver,7,4,-1,0.5,-0.5,21.7,1.7,1.1,1.8,18.1,5.1,30.75,No
"No1 Slice
",Mid Range,7,4,-3,2,-1,22.6,1.8,1.2,1.4,19.8,5.3,27.75,No
"No3 Flyer
",Control Driver,7,4,-2,2,0,22.3,2,1.2,1.5,19.2,5.4,36.25,No
"No4 Driver
",Control Driver,7,4,-1,2,1,21.2,1.7,1.1,1.7,17.9,5.2,26.75,No
"Notch
",Control Driver,7,3,0,4.5,4.5,21,2,1.2,1.9,17.2,5.7,36.75,No
"Patriot
",Control Driver,7,5,-2,1,-1,21.2,1.8,1.1,1.8,17.6,5.2,28.25,No
"Pegasus
",Control Driver,7,4,-1,3,2,21.1,1.7,1.1,1.7,17.7,5.2,31.75,No
"Phantom Warrior
",Control Driver,7,5,0,2,2,21.3,2,1.2,1.8,17.8,5.6,29.25,No
"Ptero
",Control Driver,7,5,-1,1,0,21.2,1.7,1.1,1.8,17.6,5.2,33.25,No
"Python
",Control Driver,7,3,-1,2,1,21.7,1.7,1.1,1.9,17.9,5.1,31.25,No
"Quantum Vela
",Control Driver,7,4,-1.5,2,0.5,21.2,1.8,1.2,1.8,17.6,5.7,43.75,No
"Rhythm
",Control Driver,7,5.5,-2,1,-1,21.2,1.5,1.2,1.8,17.6,5.7,30.25,No
"Rival
",Control Driver,7,5,0,2,2,21.3,2,1.2,1.8,17.8,5.6,29.25,No
"River
",Control Driver,7,7,-1,1,0,21.5,1.9,1.2,1.8,17.8,5.6,30.5,No
"Sabre
",Control Driver,7,5,-1,1,-1,21.2,1.8,1.2,1.7,17.8,5.7,27,No
"Seer
",Control Driver,7,5,-2,1,-1,21.2,1.8,1.1,1.8,17.7,5.2,42.5,No
"Shard
",Control Driver,7,5,-1.5,1,-0.5,21.2,1.5,1.2,1.9,17.4,5.7,28,No
"Shooting Star
",Control Driver,7,5,-2,1,-1,21,1.8,1.2,1.8,17.4,5.7,26.25,No
"Sirius Helio Vela
",Control Driver,7,4,-0.5,3,2.5,21.2,1.8,1.2,1.8,17.6,5.7,43.75,No
"Soda
",Control Driver,7,5,-2,2,0,21.4,2,1.2,1.8,17.8,5.6,31.5,No
"Spark
",Control Driver,7,4,-0.5,3,2.5,21.2,1.5,1.1,1.9,17.4,5.2,34,No
"Stalker
",Control Driver,7,5,-1,2,1,21.6,1.6,1.2,1.6,18.4,5.6,32.5,No
"Sting
",Control Driver,7,5,-2,1,-1,21.4,1.8,1.2,1.6,18.2,5.6,36.25,No
"Strike
",Control Driver,7,5,0,1,1,21.3,1.8,1.2,1.8,17.7,5.6,30.5,No
"Sycamore
",Control Driver,7,5,0,1,1,21.2,2.2,1.3,1.7,17.8,6.1,32.25,No
"TeeBird
",Control Driver,7,5,0,2,2,21.2,1.5,1.1,1.7,17.8,5.2,29.25,No
"TeeBird +
",Control Driver,7,5,0,2,2,21.2,1.5,1.1,1.7,17.8,5.2,29.25,No
"TL
",Control Driver,7,5,-1,1,0,21.1,1.6,1.2,1.8,17.5,5.7,33,No
"Trak
",Control Driver,7,4,-1,2,1,21,1.7,1.2,1.9,17.2,5.7,33.25,No
"Tyrant
",Control Driver,7,3,0,2.5,2.5,21.2,1.4,1.1,1.8,17.6,5.2,28,No
"Underworld
",Control Driver,7,6,-3,1,-2,21.3,1.8,1.2,1.9,17.4,5.6,30.25,No
"Valley
",Control Driver,7,5,-1,1,0,21,1.9,1.1,1.8,17.4,5.2,31.25,No
"Vamp
",Control Driver,7,5,-2,1,-2,21,1.9,1.2,1.9,17.2,5.7,34.75,No
"Veteran
",Control Driver,7,4,0,3,3,21.1,1.8,1.2,1.8,17.5,5.7,29,No
"View
",Control Driver,7,6,-3.5,1,-2.5,21.1,2,1.2,1.7,17.6,5.7,32.75,No
"Vortex
",Control Driver,7,6,-3,1,-2,21.4,1.6,1.1,1.7,17.9,5.1,33.25,No
"Votum
",Control Driver,7,5,0,3,3,21.2,1.7,1.2,1.8,17.5,5.7,36.25,No
"War Bear
",Control Driver,7,5,-3,1,-2,21.2,1.8,1.1,1.7,17.9,5.2,35.75,No
"White Raven
",Control Driver,7,6,-3,1,-2,21.1,1.7,1.3,1.6,17.8,6.2,31.5,No
"XL
",Control Driver,7,4,-2,1,-1,21.1,2.1,1.2,1.7,17.7,5.7,32.25,No
"XXX
",Control Driver,7,3,0,4,4,21.5,1.5,1.1,2,17.5,5.1,32.5,No
"Zhu
",Control Driver,7,5,0,2,2,21.3,1.8,1.2,1.9,17.5,5.6,38,No
"Abyss
",Control Driver,8,4,0,3,3,21.1,1.6,1.1,2,17.1,5.2,31.75,No
"Alpha
",Control Driver,8,4,0,2,2,21.1,2.1,1.2,2,17.1,5.7,30.5,No
"Amp
",Control Driver,8,5,-1.5,1,-0.5,21,1.7,1.1,1.9,17.2,5.2,26,No
"Aquarius
",Distance Driver,8,5,-3,2,-1,21,1.9,1.2,2,17,5.7,30,No
"Arch
",Control Driver,8,5,0,2,2,21,1.9,1.1,1.8,17.4,5.2,34,No
"Archangel
",Control Driver,8,6,-4,1,-3,21.1,1.9,1.4,1.8,17.3,7.1,31.25,No
"Ascent
",Distance Driver,8,4,0,3,3,21.1,1.6,1.2,1.9,17.3,5.7,30,No
"Banzai
",Control Driver,8,4,0,3,3,21.4,1.7,1.2,1.9,17.5,5.6,30,No
"Bear
",Control Driver,8,6,-0.5,2.5,2,21.2,1.8,1.2,1.9,17.4,5.7,30.25,No
"Binx
",Control Driver,8,5,0,1,1,21.4,1.7,1.2,1.7,18,5.6,27.75,No
"Blackout
",Control Driver,8,5,-2,1,-1,21.2,1.9,1.2,1.9,17.4,5.7,28.5,No
"Breakout
",Control Driver,8,5,-1,1.5,0.5,21,1.6,1.1,1.9,17.2,5.2,32.75,No
"Cipher
",Control Driver,8,4,-1,2,1,21.6,1.8,1.2,1.8,17.9,5.6,32.75,No
"Cosmic
",Control Driver,8,6,0,2,2,21.2,2,1.2,1.9,17.5,5.7,31.25,No
"Diamond
",Control Driver,8,6,-3,1,-2,21.1,1.4,1.1,1.8,17.4,5.2,30,No
"Dos X
",Control Driver,8,4,-1,2,1,21.3,1.9,1.2,2,17.3,5.6,32.25,No
"Dragon
",Control Driver,8,5,-2,2,0,21,1.9,1.2,1.8,17.4,5.7,32,No
"Essence
",Control Driver,8,6,-2,1,-1,21,1.8,1.2,1.8,17.4,5.7,33.25,No
"Falchion
",Control Driver,8,5,-1,2,1,21.1,1.6,1.1,1.9,17.3,5.2,34.5,No
"Firehawk
",Control Driver,8,5,-2,1,-1,21.3,1.9,1.2,1.8,17.7,5.6,26.25,No
"Gou
",Control Driver,8,5,-3.5,1,-2.5,21.3,1.8,1.2,1.9,17.4,5.6,33.75,No
"Jackalope
",Control Driver,8,5,-2,1,-1,21.2,1.5,1.1,1.9,17.3,5.2,32.75,No
"Lotus
",Control Driver,8,5,-1,2,1,21.4,1.6,1.3,1.9,17.6,6.1,32.5,No
"Mantis
",Control Driver,8,4,-2,2,0,21.2,1.9,1.1,1.9,17.4,5.2,28,No
"Minotaur
",Control Driver,8,3,0,3,3,21.6,2,1.2,1.9,17.8,5.6,32.75,No
"Nice
",Control Driver,8,7,-2,2,0,21.4,1.7,1.1,1.8,17.8,5.1,29,No
"No1 Flyer
",Control Driver,8,5,-2,2,0,21.4,1.5,1.1,1.6,18.2,5.1,27.75,No
"No1 Helix
",Control Driver,8,4,-1,3,2,21.5,1.6,1.3,1.6,18.3,6,31.25,No
"No2 Driver
",Control Driver,8,5,-2,2,0,21.4,2,1.2,1.6,18.2,5.6,29,No
"No2 Flyer
",Control Driver,8,5,-1,2,1,22.4,1.8,1.2,1.5,19.4,5.4,30.75,No
"No2 Helix
",Control Driver,8,5,-1,3,2,21.2,1.7,1.4,1.7,17.8,6.6,34,No
"Onyx
",Control Driver,8,6,-3,1,-2,21,1.8,1.1,1.8,17.3,5.2,30.75,No
"Passion
",Control Driver,8,5,-1,1,0,21.6,1.6,1.2,1.7,18.3,5.6,32,No
"Phenom
",Control Driver,8,5,-1,2,1,21.2,1.7,1.2,1.8,17.7,5.7,33.25,No
"Pipeline
",Control Driver,8,5,0,2,2,21.4,1.5,1.1,1.8,17.8,5.1,31,No
"Reaper
",Control Driver,8,3,0,4,4,21.4,1.5,1.2,1.8,17.8,5.6,29.5,No
"Respecti
",Control Driver,8,4,0,2,2,21,1.8,1.3,1.9,17.2,6.2,33.25,No
"Rockstar
",Control Driver,8,5,-2,1,-1,21.3,1.7,1.2,1.9,17.6,5.6,35.5,No
"Ronin
",Control Driver,8,4.5,0,2,2,21.3,1.9,1.2,1.9,17.4,5.6,31.5,No
"Saint Pro
",Control Driver,8,5,-0.5,2,1.5,21.2,2,1.2,1.8,17.5,5.7,33,No
"Shock
",Control Driver,8,5,0,2.5,2.5,21.1,1.6,1.1,1.9,17.2,5.2,29.75,No
"Stag
",Control Driver,8,6,-1,2,1,21.2,1.8,1.2,1.9,17.4,5.7,29.25,No
"Stork
",Control Driver,8,5,0,1,1,21.3,1.7,1.2,1.9,17.5,5.6,33.75,No
"Striker
",Control Driver,8,5,0,2,2,21.4,1.6,1.2,1.9,17.6,5.6,29,No
"Talon
",Control Driver,8,3,1,3,4,21,1.5,1.1,1.8,17.5,5.2,28.25,No
"TeeBird3
",Control Driver,8,4,0,2,2,21.2,1.7,1.1,1.8,17.5,5.2,29.25,No
"Terra
",Control Driver,8,5,0,3,3,21.2,1.8,1.2,1.9,17.4,5.7,32.75,No
"The Count
",Control Driver,8,4,-1,2,1,21.5,1.7,1.1,1.4,18.7,5.1,35.5,No
"The Dome
",Control Driver,8,6,-3,1,-2,21.1,1.8,1.1,1.9,17.2,5.2,36,No
"Thief
",Control Driver,8,5,-1.5,2,0.5,21.2,1.8,1.1,1.9,17.3,5.2,34.25,No
"Tiyanak
",Control Driver,8,5,-5,1,-4,21.2,2,1.2,2,17.3,5.7,33.75,No
"TL3
",Control Driver,8,4,-1,1,0,21.2,1.7,1.1,1.8,17.6,5.2,33,No
"Tracker
",Control Driver,8,5,-1,3,2,21.2,1.7,1.2,1.8,17.7,5.7,32.5,No
"Trance
",Control Driver,8,5,-2,1,-1,21,1.8,1.2,1.9,17.1,5.7,41.25,No
"Vein
",Control Driver,8,4,0,2,2,21.3,1.9,1.3,1.8,17.4,6.1,27.75,No
"Vigil
",Control Driver,8,6,-2,2,0,21.7,1.5,1.1,1.9,17.9,5.1,32.5,No
"Vision
",Control Driver,8,6,-1,2,1,21.1,1.9,1.1,1.8,17.4,5.2,33,No
"Volt
",Control Driver,8,5,-0.5,2,1.5,21.1,1.6,1.1,2,17.1,5.2,28.25,No
"Witness
",Control Driver,8,6,-3,1,-2,21.1,1.8,1.1,1.9,17.3,5.2,32.25,No
"Xpress
",Control Driver,8,5,-3,1,-2,21.1,1.8,1.2,1.7,17.6,5.7,28,No
"XS
",Control Driver,8,5,0,3,3,21.1,1.8,1.2,1.8,17.6,5.7,27.5,No
"Chameleon
",Control Driver,8.5,5,-1,2,1,21.2,1.8,1.1,2,17.1,5.2,39.75,No
"Ahti
",Control Driver,9,3,0,4,4,21.2,1.7,1.1,2,17.2,5.2,28.75,No
"Assassin
",Control Driver,9,6,-1,1,0,21,1.9,1.1,1.9,17.1,5.2,34.5,No
"Bandit
",Control Driver,9,5,-2,1,-1,21.3,1.5,1.1,2,17.3,5.2,30.75,No
"Bi
",Control Driver,9,5,-1,2,1,21.2,1.7,1.2,1.9,17.3,5.7,28.75,No
"Blade
",Control Driver,9,5,0,3,3,21.3,1.5,1.1,2,17.3,5.2,34,No
"Bryce
",Control Driver,9,6,-2,2,0,21.2,1.7,1.1,2,17.2,5.2,28.25,No
"Buffalo
",Distance Driver,9,4,-1,5,4,21,1.6,1.2,2,17,5.7,34,No
"Captain Raptor
",Distance Driver,9,3,1,4,5,21.2,1.6,1.2,1.9,17.4,5.7,30.25,No
"CD1
",Control Driver,9,5,-1,2,1,21.2,1.7,1.1,1.9,17.3,5.2,31.25,No
"CD2
",Control Driver,9,5,-1,2,1,21.1,1.9,1.1,1.9,17.2,5.2,30,No
"Chromium
",Control Driver,9,5,-1,1,0,21.1,2,1.2,2,17.2,5.7,31.25,No
"Chupacabra
",Control Driver,9,3,0,4,4,21.2,1.6,1.2,2,17.2,5.7,30.5,No
"Cinnamon
",Control Driver,9,5,-1,2,1,21.1,1.6,1.2,2,17.1,5.7,30.5,No
"Coalesce
",Control Driver,9,5,0,3,3,21.2,1.9,1.2,1.9,17.4,5.7,32.5,No
"Convict
",Control Driver,9,4,-0.5,3,2.5,21.2,1.4,1.1,2,17.2,5.2,34.75,No
"Culverin
",Control Driver,9,5,-0.5,3,2.5,21.2,2,1.1,2,17,5.2,31.25,No
"Diablo
",Distance Driver,9,5,0,2,2,21.2,1.7,1.2,2,17.1,5.7,32.5,No
"Diamondback
",Control Driver,9,5,-2,2,0,21.3,1.6,1.1,2.1,17.1,5.2,31.25,No
"Draco
",Control Driver,9,3,0,4,4,21.2,1.4,1.2,1.9,17.3,5.7,35.5,No
"Drifter
",Control Driver,9,4,-1,2,1,21.1,1.7,1.2,1.9,17.3,5.7,27,No
"Dynasty
",Control Driver,9,5,-1,2,1,21.1,1.4,1.1,1.9,17.3,5.2,31.25,No
"Enemy
",Control Driver,9,3,0,4,4,21.1,1.9,1.2,1.9,17.2,5.7,32.5,No
"Escape
",Control Driver,9,5,-1,2,1,21.1,2,1.1,2,17.1,5.2,27.75,No
"Falk
",Control Driver,9,6,-2,1,-1,21.1,1.8,1.1,1.9,17.2,5.2,30.25,No
"FD3
",Control Driver,9,4,0,3,3,21.3,1.7,1.1,2,17.3,5.2,33.25,No
"Felon
",Control Driver,9,3,0.5,4,4.5,21.2,1.8,1.1,2,17.2,5.2,31.5,No
"Fireball
",Distance Driver,9,3.5,0,3.5,3.5,21.1,1.4,1.1,2,17.1,5.2,29.5,No
"Firebird
",Control Driver,9,3,0,4,4,21.1,1.4,1.2,1.9,17.3,5.7,26.75,No
"FL
",Control Driver,9,3,0,2,2,21.1,1.7,1.2,1.9,17.3,5.7,29.25,No
"Flare
",Distance Driver,9,4,0,3.5,3.5,21.2,1.8,1.2,2,17.2,5.7,29.5,No
"Flipperi
",Control Driver,9,3,-3,0,-3,21.2,1.7,1.2,2,17.2,5.7,26,No
"Fury
",Control Driver,9,6,-2,2,0,21.2,1.8,1.1,1.9,17.4,5.2,36.75,No
"FX-2
",Control Driver,9,4,-1,3,2,21.1,1.6,1.2,2,17.1,5.7,29.25,No
"FX-3
",Control Driver,9,4,-1.5,2,0.5,21.2,1.8,1.2,1.9,17.3,5.7,29.25,No
"FX-4
",Control Driver,9,5,-2,1,-1,21.2,1.8,1.2,2,17.3,5.7,32.25,No
"Getaway
",Control Driver,9,5,-0.5,3,2.5,21.1,1.8,1.1,2,17.1,5.2,28.75,No
"Ginger
",Control Driver,9,4,0,2,2,21.4,1.7,1.3,1.9,17.6,6.1,26.5,No
"Grunt
",Control Driver,9,5,-1,2,1,21,1.7,1.2,2,17,5.7,32.25,No
"H2
",Control Driver,9,5,0,2,2,21.3,1.7,1.2,1.9,17.5,5.6,30.75,No
"H3
",Control Driver,9,4,0,2,2,21.3,1.7,1.2,2,17.3,5.6,34.5,No
"H4
",Control Driver,9,5,-2,1.5,-0.5,21.3,1.8,1.2,1.9,17.4,5.6,41.75,No
"H5
",Control Driver,9,5,-3,1,-2,21.3,1.7,1.2,2,17.4,5.6,37.5,No
"H7
",Control Driver,9,5,-4,1,-3,21.1,2,1.1,1.9,17.2,5.2,31.25,No
"Hatchet
",Control Driver,9,6,-2,1,-1,21.3,2,1.2,1.9,17.6,5.6,27,No
"Haymaker
",Control Driver,9,4,0,4,4,21.2,1.8,1.2,2,17.2,5.7,31.5,No
"Heat
",Control Driver,9,6,-3,1,-2,21.1,2.1,1.2,1.9,17.2,5.7,29.5,No
"Honor
",Control Driver,9,5,0,2.5,2.5,21.2,1.8,1.1,1.9,17.4,5.2,31.75,No
"Hu
",Control Driver,9,5,-2,2,0,21.2,1.8,1.1,1.9,17.4,5.2,31.75,No
"Hyena
",Control Driver,9,5,-2,2,0,21.3,1.7,1.1,1.9,17.5,5.2,30.5,No
"Impulse
",Distance Driver,9,5,-3,1,-2,21,1.4,1.2,2,17,5.7,28.75,No
"Inertia
",Distance Driver,9,5,-2,2,0,21.1,1.4,1.2,2,17.1,5.7,27.25,No
"Insanity
",Control Driver,9,5,-2,1.5,-0.5,21.1,1.4,1.1,2,17,5.2,27,No
"Jade
",Control Driver,9,6,-2,1,-1,21,1.8,1.1,1.9,17.3,5.2,30,No
"Komodo
",Control Driver,9,3,0,3,3,21.2,2,1.1,2,17.2,5.2,29.25,Yes
"Lariat
",Control Driver,9,5,-1,1,0,21.1,1.7,1.1,2,17.1,5.2,30.5,No
"Lift
",Distance Driver,9,5,-2,1.5,-0.5,21.2,1.7,1.2,2,17.2,5.7,28,No
"Locust
",Distance Driver,9,4,-1,3,2,21.2,1.6,1.1,2,17.2,5.2,29.75,No
"Longbowman
",Control Driver,9,4,0,3,3,21.3,1.6,1.1,1.8,17.7,5.2,36,No
"Lots
",Control Driver,9,5,-1,2,1,21.1,1.5,1.1,1.9,17.3,5.2,29.5,No
"Mad Cat
",Control Driver,9,5,0,2,2,21.2,1.8,1.2,1.9,17.4,5.7,30,No
"Mammoth
",Control Driver,9,4,-1,5,4,21.1,1.7,1.2,2,17.1,5.7,29.25,No
"Mantra
",Control Driver,9,6,-2,1,-1,21.2,1.7,1.2,2,17.1,5.7,32,No
"Marksman
",Control Driver,9,4,-1,2,1,21.1,1.6,1.2,1.9,17.2,5.7,29,No
"Mongoose
",Control Driver,9,5,-3,1,-2,21.3,1.5,1.1,2,17.3,5.2,30.5,No
"Motion
",Distance Driver,9,3.5,0,4,4,21,1.4,1.2,2,17,5.7,30.25,No
"MX1
",Control Driver,9,4,-2,3,1,21.3,1.7,1.1,2.1,17.1,5.2,33.25,No
"Obsidian Tremor
",Distance Driver,9,4,0,3.5,3.5,21.2,1.6,1.2,2,17.2,5.7,29.25,No
"Ogopogo
",Control Driver,9,4,-2,5,3,21.1,1.5,1.2,2,17.1,5.7,36.75,No
"Omen
",Control Driver,9,4,0,4,4,21.2,1.7,1.2,2,17.2,5.7,28.25,No
"Orion LF
",Control Driver,9,5,-1,2,1,21.1,1.5,1.2,1.9,17.4,5.7,27.25,No
"Orion LS
",Control Driver,9,4,-1,1,0,21.1,1.4,1.2,1.9,17.3,5.7,32.25,No
"Pekapeka
",Control Driver,9,5,-3,1,-2,21.2,1.5,1.1,2,17.2,5.2,28.75,No
"Phoenix
",Control Driver,9,3,0,4,4,21.2,1.7,1.2,2,17.2,5.7,26.75,No
"Pioneer
",Control Driver,9,3,0,4,4,21.2,1.5,1.2,1.9,17.3,5.7,27,No
"Polaris LF
",Distance Driver,9,5,-2,2.5,0.5,21.1,1.9,1.1,1.6,17.9,5.2,28.5,No
"Predator
",Control Driver,9,4,1,4,5,21.2,1.9,1.1,1.9,17.4,5.2,28.5,No
"Pretty Fly
",Control Driver,9,6,-1,2,1,21.3,1.6,1.2,1.9,17.6,5.6,28.5,No
"Primitus
",Control Driver,9,5,0,2,2,21,2.3,1.2,2,17,5.7,27,No
"Raptor
",Control Driver,9,4,0,3,3,21.3,1.9,1.1,1.9,17.4,5.2,27.25,No
"Riptide
",Distance Driver,9,4,0,3,3,21.4,1.7,1.2,2,17.4,5.6,27.5,No
"Roadrunner
",Control Driver,9,5,-4,1,-3,21.1,1.4,1.2,1.8,17.5,5.7,29,No
"Rocket
",Control Driver,9,4,0,3,3,21.2,1.7,1.3,1.9,17.3,6.1,30,No
"Sabertooth
",Control Driver,9,4,0,5,5,21,1.8,1.2,2,17,5.7,29,No
"Saint
",Control Driver,9,7,-1,2,1,21.2,1.9,1.2,1.9,17.4,5.7,29.25,No
"Savant
",Control Driver,9,5,-1,2,1,21.1,1.6,1.1,1.9,17.2,5.2,36.5,No
"Scepter
",Control Driver,9,4,0,4,4,21.2,1.4,1.1,1.9,17.3,5.2,28.25,No
"Shadowfax
",Control Driver,9,5,-2,1.5,-0.5,21.1,1.8,1.1,2,17.2,5.2,33,No
"Sidewinder
",Control Driver,9,5,-3,1,-2,21.1,1.4,1.2,1.8,17.5,5.7,28,No
"Spartan
",Control Driver,9,6,-2,1,-1,21.2,1.6,1.2,2.1,17,5.7,32.5,No
"Spear
",Control Driver,9,6,-2,1,-1,21.2,1.4,1.1,2,17.3,5.2,31.25,No
"Sphinx
",Control Driver,9,6,-3,1,-2,21.1,1.6,1.1,1.9,17.3,5.2,30.75,No
"Splice
",Control Driver,9,3,0,4,4,21.2,1.5,1.1,1.9,17.3,5.2,32.5,No
"SPZ3
",Distance Driver,9,6,-2,2,0,21.1,1.8,1.2,1.9,17.3,5.7,31.25,No
"Stal
",Control Driver,9,4,0,3,3,21.1,1.8,1.1,1.9,17.3,5.2,30.5,No
"Stratosphere
",Control Driver,9,4,-2,1,-1,21.2,1.9,1.3,1.9,17.4,6.1,28.75,No
"Supreme Escape
",Control Driver,9,5,-1,2,1,21.1,1.7,1.1,2,17.2,5.2,32.5,No
"Suture
",Control Driver,9,5,-2,1,-1,21.2,1.8,1.1,1.9,17.4,5.2,31.75,No
"Swift
",Control Driver,9,5,-3,1,-2,21,1.6,1.1,1.9,17.1,5.2,30,No
"Swift Fox
",Control Driver,9,5,-3,1,-2,21.1,1.7,1.2,1.8,17.6,5.7,27,No
"Tasmanian Devil
",Control Driver,9,4,0,2.5,2.5,21.2,1.8,1.1,2,17.3,5.2,28.75,No
"Tasmanian Devil V2
",Control Driver,9,4,0,4,4,21.2,1.8,1.1,2,17.2,5.2,30.75,No
"TDx
",Distance Driver,9,5,-3,1,-2,21.1,1.5,1.2,2,17.2,5.7,30.5,No
"Tesla
",Distance Driver,9,5,-1,2,1,21,1.4,1.2,2,17,5.7,26.5,No
"Thread
",Control Driver,9,5,-1,1,0,21.1,1.5,1.1,2,17.1,5.2,31.5,No
"Thunderbird
",Control Driver,9,5,0,2,2,21.2,1.6,1.1,1.9,17.3,5.2,31,No
"Tilt
",Control Driver,9,1,1,6,7,21.1,1.6,1.2,2,17.1,5.7,29.25,No
"Timberwolf
",Control Driver,9,6,-1,0,-1,21.1,1.6,1.2,1.8,17.5,5.7,27,No
"Traveler
",Distance Driver,9,4,0,2,2,21.1,1.7,1.2,1.9,17.3,5.7,28.75,No
"Tsunami
",Distance Driver,9,3,0,4,4,21.4,1.9,1.2,1.9,17.5,5.6,28.5,No
"Undertaker
",Control Driver,9,5,-1,2,1,21.1,1.8,1.1,1.9,17.5,5.2,30.75,No
"Valkyrie
",Control Driver,9,4,-2,2,0,21.1,1.4,1.2,1.9,17.3,5.7,26,No
"Vandal
",Control Driver,9,5,-1.5,2,0.5,21.2,1.7,1.1,1.9,17.4,5.2,36.25,No
"Velociraptor
",Control Driver,9,4,0,2.5,2.5,21,2,1.6,2,17,5.7,37,No
"Viking
",Control Driver,9,4,-1,2,1,21.2,1.4,1.1,1.9,17.4,5.2,30.75,No
"Virus
",Distance Driver,9,5,-3.5,1,-2.5,21.2,1.4,1.1,2,17,5.2,29.5,No
"Wolverine
",Control Driver,9,5,-2,2,0,21.2,1.8,1.2,1.8,17.5,5.7,27.5,No
"Wrath
",Control Driver,9,4.5,-0.5,2,1.5,21.1,1.4,1.1,2,17,5.2,30.25,No
"Xenon
",Control Driver,9,3,0,4,4,21.1,1.5,1.2,2,17.1,5.7,27,No
"Zion
",Control Driver,9,4,-0.5,3,2.5,21.2,1.7,1.1,2,17.2,5.2,28,No
"Anax
",Control Driver,10,6,0,3,3,21.4,1.7,1.2,1.9,17.5,5.6,29.75,No
"Apache
",Control Driver,10,6,0,2,2,21.3,1.8,1.2,1.9,17.4,5.6,28.5,No
"Avenger
",Distance Driver,10,5,0,3,3,21.2,1.7,1.2,1.9,17.4,5.7,26.25,No
"Avenger SS
",Distance Driver,10,5,-3,1,-2,21.4,1.8,1.2,1.9,17.6,5.6,29.25,No
"Aztec
",Distance Driver,10,5,-1,2,1,21.2,1.5,1.1,2.1,16.9,5.2,33,No
"Beast
",Distance Driver,10,5,-2,2,0,21.2,1.4,1.1,2,17.1,5.2,26.76,No
"Berserker
",Distance Driver,10,5,-3,2,-1,21.2,1.7,1.2,2.1,17,5.7,28.75,No
"CD
",Distance Driver,10,5,-1,2,1,21.2,1.3,1.1,1.9,17.3,5.2,28.5,No
"Cervini
",Control Driver,10,6,-3,1,-2,21.3,1.5,1.1,2,17.3,5.2,31,No
"Construct
",Distance Driver,10,6,-1,2,1,21.3,1.6,1.2,2,17.2,5.6,26.5,No
"Criminal
",Distance Driver,10,3,1,4,5,21.2,1.5,1.2,2.1,16.9,5.7,29,No
"Dystopia
",Distance Driver,10,5,-2,2,0,21.4,1.7,1.2,2.1,17.2,5.6,28.25,No
"Era
",Control Driver,10,5,-1,2,1,21.2,1.6,1.2,2,17.3,5.7,29,No
"F Model OS
",Control Driver,10,5,2,4,6,21.3,1.6,1.1,2.1,17.1,5.2,39,No
"F Model S
",Control Driver,10,5,1,3,4,21.3,1.4,1.1,2,17.2,5.2,30.25,No
"F Model US
",Control Driver,10,5,-2,1,-1,21.3,1.5,1.1,2.1,17.2,5.2,32,No
"Fenrir
",Distance Driver,10,4,0,3,3,21.3,1.8,1.1,2,17.3,5.2,29.75,No
"Fighter
",Control Driver,10,3,0,4,4,21.2,1.7,1.2,2,17.1,5.7,27.75,No
"Flash
",Distance Driver,10,5,-2,3,1,21.1,1.6,1.2,2.1,17,5.7,27.5,No
"Fortress
",Distance Driver,10,4,0,3,3,21.2,1.5,1.1,2,17.2,5.2,28,No
"Freetail
",Distance Driver,10,5,-4,1,-3,21.1,1.7,1.2,2,17.1,5.7,37.75,No
"H1
",Control Driver,10,3,0,3.5,3.5,21.3,1.8,1.2,1.9,17.4,5.6,31.75,No
"H4 V2
",Control Driver,10,5,-2,1.5,-0.5,21.3,1.5,1.2,2,17.4,5.6,29,No
"Hellfire
",Control Driver,10,3,0,5,5,21.1,1.6,1.2,2.2,16.7,5.7,29.25,No
"Invictus
",Distance Driver,10,4,0,3,3,21.2,1.5,1.2,2.1,16.9,5.7,29,No
"Kiwi
",Distance Driver,10,4,0,3,3,21.1,1.9,1.2,2.2,16.7,5.7,26,No
"Laseri
",Control Driver,10,4,-1,1,0,21.1,1.6,1.1,1.9,17.2,5.2,32.25,No
"Long
",Distance Driver,10,5,-1,2,1,21.3,1.6,1.2,2.1,17.1,5.6,35.25,No
"Lucky 13
",Distance Driver,10,5,-3,2,-1,21.1,1.5,1.1,2.1,16.9,5.2,26.75,No
"Monarch
",Distance Driver,10,5,-4,1,-3,21.1,1.6,1.2,2.1,17,5.7,30.75,No
"Monster
",Distance Driver,10,3,0,5,5,21.2,1.4,1.2,2,17.2,5.7,32.25,No
"Musket
",Distance Driver,10,5,-0.5,2,1.5,21.2,1.8,1.1,2,17.1,5.2,28.5,No
"Nemesis
",Distance Driver,10,6,-4,2,-2,21.3,1.5,1.1,2,17.3,5.2,29,No
"Nightjar
",Distance Driver,10,5,-0.5,2.5,2,21.3,1.7,1.3,2.1,17.1,6.1,26.25,No
"Ninja
",Distance Driver,10,6,-1,2,1,21.2,1.9,1.2,2,17.2,5.7,31.75,No
"Northman
",Distance Driver,10,5,-1,2,1,21.5,1.7,1.1,2,17.5,5.1,28.25,No
"Orc
",Distance Driver,10,4,-1,3,2,21.2,1.9,1.2,2,17.2,5.7,27,No
"PD
",Distance Driver,10,4,0,3,3,21.2,1.5,1.2,1.9,17.3,5.7,32,No
"Power Disc Phantom Sword
",Distance Driver,10,4,0,3,3,21.2,1.5,1.2,1.9,17.3,5.7,26.5,No
"Rage
",Distance Driver,10,5,-0.5,3.5,3,21.5,1.7,1.1,2.2,17.1,5.1,26.25,No
"Roman
",Distance Driver,10,4,0,3,3,21.2,1.5,1.2,1.9,17.3,5.7,27.25,No
"Rong
",Distance Driver,10,5,-3,1,-2,21.2,1.5,1.1,2.3,16.5,5.2,27.75,No
"Rumble
",Distance Driver,10,5,-1,2,1,21.2,1.7,1.2,2,17.1,5.7,33.75,No
"Sampo
",Distance Driver,10,4,-1,2,1,21.2,1.9,1.2,2.1,17,5.7,34.75,No
"Sapphire
",Distance Driver,10,6,-2,1.5,-0.5,21,1.7,1.2,2,17,5.7,29.5,No
"SL
",Distance Driver,10,5,-1,2,1,21.1,1.7,1.1,2,17.1,5.2,29,No
"Sleipner
",Distance Driver,10,4,-1,2,1,21.2,1.5,1.1,2.1,17,5.2,28.75,No
"Spice
",Distance Driver,10,4,0,4,4,21.1,2,1.2,2,17.2,5.7,31.5,No
"Starfire
",Distance Driver,10,4,0,3,3,21.2,1.4,1.1,2,17.2,5.2,29,No
"Taniwha
",Control Driver,10,5,-2,2,0,21.1,1.4,1.2,2,17.1,5.7,26.25,No
"Tara Iti
",Distance Driver,10,5,0,2,2,21.2,1.5,1.2,2.1,17,5.7,30,No
"TD
",Distance Driver,10,5,-2,1,-1,21.2,1.6,1.1,1.9,17.3,5.2,27.5,No
"TD2
",Distance Driver,10,5,-4,1,-3,21.1,1.6,1.1,2.1,16.9,5.2,30.25,No
"Titan
",Distance Driver,10,4,0,3,3,21.2,1.6,1.2,1.9,17.3,5.7,32.75,No
"Tumbleweed
",Distance Driver,10,6,-4,1,-3,21.3,1.7,1.1,2.2,16.8,5.2,28.5,No
"Undertow
",Distance Driver,10,4,-1,1,0,21.5,1.6,1.2,2.1,17.3,5.6,28.25,No
"Vengeance
",Distance Driver,10,5,0,2,2,21.2,1.7,1.2,2,17.2,5.7,33,No
"Vulture
",Control Driver,10,5,0,2,2,21.4,1.6,1.2,1.8,17.8,5.6,33.5,No
"Wei
",Distance Driver,10,5,-2.5,1.5,-1,21.1,1.7,1.1,2,17.1,5.2,30.25,No
"Zion Driver
",Distance Driver,10,4,-1,2,1,21.4,1.7,1.1,2.1,17.2,5.1,27,No
"Animus
",Distance Driver,10.5,4.5,-0.5,2.5,2,21.2,1.6,1.2,2.1,17,5.7,30,No
"Goliath
",Distance Driver,10.5,4.5,-1,2.5,1.5,21.2,1.6,1.2,2.1,17,5.7,31,No
"Archon
",Distance Driver,11,5,-2,2,0,21.1,1.7,1.2,2.3,16.6,5.7,28.25,No
"Aries
",Distance Driver,11,6,-4,2,-2,21.1,1.6,1.1,2.1,16.9,5.2,28,No
"Astra
",Distance Driver,11,5,-1,2,1,21.1,1.5,1.2,2.2,16.7,5.7,28.25,No
"Astra-X
",Distance Driver,11,5,0,4,4,21.1,1.5,1.2,2.2,16.7,5.7,28.25,No
"Boatman
",Distance Driver,11,5,0,2,2,21.4,1.9,1.3,2.2,17,6.1,29.5,No
"CD3
",Distance Driver,11,5,-1,2,1,21.1,2,1.2,2.1,16.9,5.7,31,No
"Cedar
",Distance Driver,11,5,0,3,3,21.5,1.7,1.1,2.2,17.1,5.1,27.25,No
"Crush
",Distance Driver,11,5,0,4,4,21.1,1.7,1.2,2.1,17,5.7,29,No
"Curl
",Distance Driver,11,6,-1,3,2,21.2,1.8,1.1,2.2,16.8,5.2,26.75,No
"Czar
",Distance Driver,11,5,-1,3,2,21.1,1.7,1.2,2.2,16.7,5.7,33.25,No
"DD
",Distance Driver,11,5,0,2,2,21.1,1.6,1.2,2.2,16.7,5.7,30.25,No
"DD1
",Distance Driver,11,5,-1,2,1,21.2,1.5,1.1,2.2,16.8,5.2,30.75,No
"Defy
",Distance Driver,11,5,-1,3,2,21.1,1.5,1.1,2.2,16.7,5.2,26,No
"Expedition
",Distance Driver,11,5,-2,1,-1,21,1.7,1.2,2.1,16.7,5.7,31.5,No
"Flow
",Distance Driver,11,6,-0.5,2,1.5,21.1,1.8,1.2,2.2,16.8,5.7,27.75,No
"Grace
",Distance Driver,11,6,-1,2,1,21.1,1.6,1.1,2.2,16.6,5.2,30.5,No
"H1 V2
",Control Driver,11,4,0,3,3,21.4,1.6,1.2,2,17.4,5.6,28,No
"H2 V2
",Control Driver,11,5,0,2.5,2.5,21.4,1.6,1.2,2,17.4,5.6,28,No
"H3 V2
",Control Driver,11,5,-1,2,1,21.3,1.8,1.2,2,17.3,5.6,30.75,Yes
"Jet
",Distance Driver,11,5,-3,2,-1,21.2,1.5,1.1,2.2,16.8,5.2,26.25,No
"Jun
",Distance Driver,11,5,-1,2,1,21.1,2,1.2,2.1,16.8,5.7,29.75,No
"Krait
",Distance Driver,11,5,-1,2,1,21.2,2.3,1.2,2.3,16.6,5.7,30.25,No
"Longhorn
",Distance Driver,11,4,-1,3,2,21.3,1.5,1.2,2.1,17,5.6,31,No
"Machete
",Distance Driver,11,4,0,4,4,21.1,1.6,1.1,2.1,16.8,5.2,30.5,No
"Maelstrom
",Distance Driver,11,5,-1,3,2,21.4,1.7,1.1,2.2,17.1,5.1,33.5,No
"Mamba
",Distance Driver,11,6,-5,1,-4,21.1,1.7,1.1,2.1,16.9,5.2,27.5,No
"Max
",Distance Driver,11,3,0,5,5,21.2,1.9,1.2,2.2,16.8,5.7,34,No
"Medusa
",Distance Driver,11,5,-2,2,0,21.2,1.5,1.1,2.1,17,5.2,29.25,No
"Mentor
",Distance Driver,11,5,-2,2,0,21.2,1.8,1.2,2.1,17.9,5.7,39.75,No
"Meteorite
",Distance Driver,11,3,-0.5,2,1.5,21.1,1.8,1.1,2.1,16.8,5.2,26,No
"Mystere
",Distance Driver,11,6,-2,2,0,21.1,1.6,1.1,2.1,16.9,5.2,31.5,No
"Napalm
",Distance Driver,11,5,-2,2,0,21.1,2,1.2,2.1,16.8,5.7,29.75,No
"Nimitz
",Distance Driver,11,5,-1,3,2,21.2,1.7,1.1,2.2,16.9,5.2,27.75,No
"Obsidian Rift
",Distance Driver,11,5,-3,1,-2,21.2,1.5,1.2,2.1,17,5.7,29,No
"Orbital
",Distance Driver,11,5,-4.5,1,-3.5,21.1,1.4,1.1,2.2,16.7,5.2,28.5,No
"PD3
",Distance Driver,11,3,0,5,5,21,1.7,1.2,2.2,16.6,5.7,37,No
"PDx
",Distance Driver,11,4,0,3,3,21.1,1.9,1.2,2.1,16.9,5.7,30.5,No
"Pepper
",Distance Driver,11,5,0,4,4,21.4,1.8,1.2,2.2,17.1,5.6,26.25,No
"Phase
",Distance Driver,11,3.5,0,4,4,21.1,1.4,1.1,2.2,16.7,5.2,29.5,No
"Photon
",Distance Driver,11,5,-1,2.5,1.5,21.1,1.4,1.1,2.2,16.6,5.2,26.75,No
"Pulse
",Distance Driver,11,4,0,3,3,21.2,1.7,1.3,2.1,17.1,6.1,29.75,No
"Ragnarok
",Distance Driver,11,5,-1,2,1,21.2,2.1,1.1,2.1,16.9,5.2,27.75,No
"Renegade
",Distance Driver,11,5,-1.5,2.5,1,21.2,1.7,1.1,2.1,17,5.2,28,No
"Riot
",Distance Driver,11,4,-1,2,1,21.2,1.9,1.2,2.2,16.8,5.7,30,No
"Rogue
",Distance Driver,11,4,-1,1,0,21.1,1.7,1.2,2.2,16.8,5.7,28.25,No
"Sabot
",Distance Driver,11,4,0,4,4,21.1,1.7,1.2,2.2,16.7,5.7,36.5,No
"Sail
",Distance Driver,11,5,-5,1,-4,21,1.9,1.1,1.9,17.2,5.2,29.75,No
"Scorch
",Distance Driver,11,6,-2,2,0,21.1,1.8,1.1,2.2,16.8,5.2,28.75,Yes
"Sergeant
",Distance Driver,11,4,0,2.5,2.5,21.2,1.5,1.2,2.1,17,5.7,28.5,No
"Short Slacker
",Distance Driver,11,5,-1,2,1,21,1.4,1.2,2.1,16.8,5.7,28.25,No
"Squid
",Distance Driver,11,5,-1,2,1,21.2,2,1.1,1.9,17.5,5.2,27.75,No
"Surge
",Distance Driver,11,5,-1,3,2,21.1,1.6,1.2,2,17.1,5.7,30.25,No
"Surge SS
",Distance Driver,11,5,-2,2,0,21.1,1.6,1.2,2.1,16.8,5.7,29.25,No
"TeeRex
",Distance Driver,11,4,0,4,4,21.1,1.7,1.2,2.2,16.8,5.7,30,No
"Thrill
",Distance Driver,11,4,0,3.5,3.5,21.1,1.5,1.1,2.2,16.7,5.2,26,No
"Trace
",Distance Driver,11,5,-1,2,1,21.2,1.7,1.2,2.2,16.8,5.7,31.25,No
"Vanish
",Distance Driver,11,5,-3,2,-1,21.1,1.5,1.1,2.2,16.6,5.2,27.75,No
"Vibe
",Distance Driver,11,5,-2,2,0,21.1,1.9,1.1,2.2,16.8,5.2,28.5,No
"Wave
",Distance Driver,11,5,-2,2,0,21.1,1.4,1.1,2.2,16.6,5.2,29.25,No
"Wildcat
",Distance Driver,11,5,-2,3,1,21.3,1.5,1.2,1.9,17.5,5.6,27.25,No
"Wraith
",Distance Driver,11,5,-1,3,2,21.1,1.4,1.2,2.1,16.9,5.7,26.75,No
"Zenith
",Distance Driver,11,5,-0.5,2,1.5,21.2,1.7,1.1,2.2,16.8,5.2,27,No
"Apex
",Distance Driver,11.5,6,-1,2,1,21.5,1.9,1.1,2.3,17.1,5.1,30.25,No
"Flame Thrower
",Distance Driver,11.5,6,-2,2,0,21.6,1.7,1.2,2.2,17.2,5.6,30,No
"Journey
",Distance Driver,11.5,6,-2,1,-1,21.2,1.9,1.1,2.2,16.9,5.2,28.25,No
"Astronaut
",Distance Driver,12,6,-4,1,-3,21.2,1.8,1.1,2.3,16.6,5.2,26,No
"Backdraft
",Distance Driver,12,5,-1,2,1,21.3,2,1.3,2.4,16.4,6.1,30.5,No
"Basilisk
",Distance Driver,12,5,-4,1,-3,21,2,1.2,2.3,16.3,5.7,27.75,No
"Behemoth
",Distance Driver,12,4.5,-1,3,2,21.2,1.8,1.2,2.3,16.6,5.7,26.5,No
"Berzerker
",Distance Driver,12,4,0,3,3,21.4,1.6,1.1,2.2,17,5.1,29.5,No
"Blitz
",Distance Driver,12,3,0,4,4,21.2,1.6,1.2,2.2,16.8,5.7,30.5,No
"Caldera
",Distance Driver,12,5,-1,2,1,21.2,1.7,1.2,2.3,16.7,5.7,26,No
"Charger
",Distance Driver,12,6,-1,2,1,21.1,1.6,1.2,2.3,16.4,5.7,28.5,No
"Cloudbreaker
",Distance Driver,12,5,-1,3,2,21.1,1.8,1.2,2.3,16.5,5.7,27.25,No
"Cypress
",Distance Driver,12,5,-2,2,0,21.2,1.5,1.1,2.2,16.7,5.2,26.75,No
"D1
",Distance Driver,12,5,0,3,3,21,1.9,1.2,2.3,16.3,5.7,26.75,No
"D1 Max
",Distance Driver,12,5,0,3,3,21,1.6,1.2,2.3,16.3,5.7,26.75,No
"D2
",Distance Driver,12,6,-1,3,2,21,1.9,1.2,2.3,16.3,5.7,30.5,No
"D2 Max
",Distance Driver,12,6,-1,3,2,21.1,1.9,1.2,2.4,16.3,5.7,30.5,No
"D2 Pro
",Distance Driver,12,5,-1,3,2,21,1.5,1.1,2.4,16.3,5.2,30,No
"D3
",Distance Driver,12,6,-2,2,0,21,1.7,1.2,2.3,16.3,5.7,30.25,No
"D3 Max
",Distance Driver,12,6,-3,1.5,-1.5,21.1,1.8,1.2,2.4,16.3,5.7,30.25,No
"D4
",Distance Driver,12,6,-3,2,-1,21,1.9,1.2,2.3,16.3,5.7,30,No
"D4 Max
",Distance Driver,12,6,-4,1,-3,21,1.9,1.2,2.4,16.3,5.7,30.25,No
"D5
",Distance Driver,12,6,-4,2,-2,21.1,1.6,1.2,2.4,16.3,5.7,29.75,No
"D6
",Distance Driver,12,6,-4,1,-3,21,1.6,1.2,2.4,16.2,5.7,26.75,No
"DD3
",Distance Driver,12,5,-1,3,2,21.1,1.9,1.1,2.3,16.5,5.2,29.5,No
"DDx
",Distance Driver,12,6,-1,2,1,21.1,1.7,1.1,2.3,16.5,5.2,28.75,No
"Destroyer
",Distance Driver,12,5,-1,3,2,21.1,1.4,1.2,2.2,16.7,5.7,30.5,No
"Elder
",Distance Driver,12,6,-2,2,0,21.1,1.8,1.2,2.3,16.5,5.7,27.75,No
"Emperor
",Distance Driver,12,5,-1,2.5,1.5,21.1,1.7,1.2,2.3,16.4,5.7,28,No
"Enforcer
",Distance Driver,12,4,0.5,4,4.5,21.1,1.8,1.1,2.2,16.7,5.2,27,No
"Enigma
",Distance Driver,12,5,-1,2,1,21.1,1.6,1.1,2.2,16.6,5.2,27.75,No
"Flick
",Distance Driver,12,3,1,5,6,21.1,1.3,1.1,2.1,16.9,5.2,26,No
"Force
",Distance Driver,12,5,0,3,3,21.1,1.7,1.2,2.3,16.5,5.7,26,No
"Goat
",Distance Driver,12,4,-1,3,2,21.2,1.7,1.2,2.3,16.6,5.7,27,No
"Grym X
",Distance Driver,12,5,-1,3,2,21.2,1.6,1.1,2.2,16.9,5.2,26,No
"Hades
",Distance Driver,12,6,-3,2,-1,21,1.6,1.1,2.3,16.5,5.2,30,No
"Harrier
",Distance Driver,12,6,-3,2,-1,21.1,1.7,1.2,2.3,16.5,5.7,27.5,No
"Hurricane
",Distance Driver,12,5,-1,3,2,21.1,1.6,1.2,2.3,16.5,5.7,27,No
"Illusion
",Distance Driver,12,5,-1,3,2,21.4,1.5,1.1,2.1,17.2,5.1,32.75,No
"Intervention
",Distance Driver,12,5,-1,4,3,21.2,1.3,1.1,2.3,16.7,5.2,30.5,No
"Jet Stream
",Distance Driver,12,5,-1,3,2,21,1.7,1.2,2.3,16.5,5.7,26.5,No
"Juggernaut
",Distance Driver,12,4,1,4,5,21.1,1.7,1.2,2.3,16.4,5.7,26.5,No
"Kotare
",Distance Driver,12,5,0,3,3,21.2,1.5,1.2,2.3,16.5,5.7,28.5,No
"Krut
",Distance Driver,12,4,0,4,4,21.2,1.7,1.1,2.2,16.8,5.2,30.25,No
"Lawin
",Distance Driver,12,5,-3,2,-1,21,2.1,1.2,2.3,16.4,5.7,28.5,No
"Maya
",Distance Driver,12,5,-3,1,-2,21.1,1.6,1.1,2.1,16.9,5.2,31,No
"Odin
",Distance Driver,12,5,-1,3,2,21.3,1.4,1.1,2.3,16.6,5.2,26,No
"Openwater
",Distance Driver,12,4,-1.5,2,0.5,21.5,2,1.1,2.3,16.9,5.1,32,No
"Orca
",Distance Driver,12,5,-1.5,2,0.5,21.2,1.4,1.1,2.3,16.6,5.2,28.5,Yes
"Osprey
",Distance Driver,12,4,-1,2,1,21,1.6,1.2,2.3,16.4,5.7,28,No
"Outlaw
",Distance Driver,12,5,-1,3,2,21,1.6,1.1,2.3,16.4,5.2,29,No
"Paradigm
",Distance Driver,12,6,-1.5,2,0.5,21.1,1.7,1.1,2.1,16.8,5.2,34,No
"PD2
",Distance Driver,12,4,0,4,4,21.1,1.9,1.2,2.4,16.4,5.7,27.25,No
"Plague
",Distance Driver,12,5,-1,2.5,1.5,21.1,1.8,1.1,2.2,16.7,5.2,26.75,No
"Punisher
",Distance Driver,12,5,0,3,3,21.1,1.5,1.1,2.2,16.7,5.2,28.25,No
"Razeri
",Distance Driver,12,4,0,4,4,21.1,1.5,1.1,2.3,16.4,5.2,27.25,No
"Recoil
",Distance Driver,12,4,0,3,3,21.2,1.8,1.2,2.2,16.8,5.7,26,No
"Redwood
",Distance Driver,12,5,-1,2,1,21.1,1.8,1.2,2.3,16.5,5.7,26.5,No
"Sage
",Distance Driver,12,6,-1,3,2,21.3,1.7,1.2,2.3,16.7,5.6,32.25,No
"Salt
",Distance Driver,12,5,-1,2,1,21,1.7,1.1,2.3,16.4,5.2,27,No
"Scorpius
",Distance Driver,12,5,-1,3,2,21.1,1.7,1.2,2.4,16.3,5.7,26.25,No
"Scythe
",Distance Driver,12,3,0,4,4,21.1,1.5,1.1,2.2,16.6,5.2,29,No
"Slab
",Distance Driver,12,3,0,4,4,21.2,1.6,1.2,2.3,16.6,5.7,29,No
"Slaidi
",Distance Driver,12,5,0,3,3,21.1,2,1.2,2.2,16.8,5.7,30.5,No
"Spectra
",Distance Driver,12,5,-2,2,0,21.2,1.7,1.2,2.2,16.8,5.7,30.75,No
"Speed Demon
",Distance Driver,12,3,0,4,4,21.4,1.8,1.1,2.2,17,5.1,27,No
"Spirit
",Distance Driver,12,4,0,4,4,21.2,1.8,1.1,2.1,17,5.2,26,No
"Supreme Trespass
",Distance Driver,12,5,-0.5,3,2.5,21.1,1.7,1.1,2.2,16.6,5.2,30,No
"Sword
",Distance Driver,12,5,-0.5,2,1.5,21.2,1.8,1.2,2.2,16.8,5.7,28.75,No
"Synapse
",Distance Driver,12,5,-1.5,3,1.5,21.2,1.6,1.2,2.3,16.6,5.7,26.25,No
"TeeDevil
",Distance Driver,12,5,-1,2,1,21.2,1.6,1.2,2.4,16.4,5.7,28.5,No
"Tern
",Distance Driver,12,6,-3,2,-1,21.1,1.7,1.1,2.3,16.6,5.2,28.5,No
"Thrasher
",Distance Driver,12,5,-3,2,-1,21.1,1.7,1.1,2.1,16.8,5.2,26.75,No
"Trespass
",Distance Driver,12,5,-0.5,3,2.5,21.1,1.9,1.1,2.1,16.7,5.2,26.25,No
"Twin Swords
",Distance Driver,12,5,0,2,2,21.2,1.9,1.2,2.4,16.4,5.7,26.5,No
"Valhalla
",Distance Driver,12,5,0,2,2,21.3,2,1.2,2.2,16.8,5.6,28,No
"Villain
",Distance Driver,12,4,0,4,4,21.1,1.7,1.2,2.1,16.8,5.7,28,No
"Voyage
",Distance Driver,12,5,0,3,3,21.1,1.8,1.1,2.3,16.4,5.2,26.25,No
"Wahoo
",Distance Driver,12,6,-2,2,0,21,2,1.2,2.4,16.1,5.7,33.25,No
"Warbird
",Distance Driver,12,6,-1,3,2,21.1,1.9,1.2,2.3,16.5,5.7,26,No
"Wild Honey
",Distance Driver,12,5,-2,2,0,21,1.8,1.1,2.3,16.4,5.2,27.5,No
"X3
",Distance Driver,12,5,-1,2,1,21.1,1.7,1.1,2.2,16.6,5.2,30.5,No
"XCaliber
",Distance Driver,12,5,0,4,4,21.1,1.6,1.2,2.3,16.4,5.7,29.5,No
"Yeet
",Distance Driver,12,5,-1,3,2,21.1,1.8,1.2,2.3,16.5,5.7,26.25,No
"Zeus
",Distance Driver,12,5,-1,3,2,21.1,1.6,1.2,2.3,16.5,5.7,28.5,No
"Adder
",Distance Driver,13,5,0,4,4,21.2,1.9,1.1,2.2,16.8,5.2,28.75,No
"Aftermath
",Distance Driver,13,5,-2,3,1,21.2,1.7,1.1,2.5,16.3,5.2,29,No
"Ape
",Distance Driver,13,5,0,4,4,21.1,1.5,1.2,2.4,16.2,5.7,27.75,No
"Bayonet
",Distance Driver,13,5,-2,2,0,21,1.8,1.1,2.3,16.4,5.2,26,No
"Big Foot
",Distance Driver,13,6,-2,2,0,21.1,1.6,1.1,2.5,16.1,5.2,26,No
"Bolt
",Distance Driver,13,6,-2,3,1,21.1,1.7,1.1,2.4,16.4,5.2,27.75,No
"Boss
",Distance Driver,13,5,-1,3,2,21.2,1.5,1.2,2.5,16.2,5.7,26,No
"Bowie
",Distance Driver,13,5,0,4,4,21.1,1.7,1.1,2.4,16.3,5.2,26.25,No
"Captain
",Distance Driver,13,5,-2,2,0,21.1,1.6,1.1,2.3,16.6,5.2,30,No
"Catalyst
",Distance Driver,13,5.5,-2,2,0,21.1,1.9,1.2,2.4,16.3,5.7,30,No
"Company
",Distance Driver,13,4,0,3,3,21,2,1.1,2.3,16.4,5.2,27.75,No
"Crank
",Distance Driver,13,5,-2,2,0,21.1,1.6,1.1,2.4,16.3,5.2,30,No
"Crank SS
",Distance Driver,13,5,-3,2,-1,21.1,1.5,1.1,2.4,16.3,5.2,27.25,No
"Cruise
",Distance Driver,13,4,-2,3,1,21.1,1.6,1.1,2.3,16.4,5.2,26.5,No
"Cutlass
",Distance Driver,13,5,0,3.5,3.5,21.1,1.7,1.2,2.2,16.6,5.7,28.75,No
"D Model OS
",Distance Driver,13,5,0,4,4,21,1.5,1.1,2.2,16.7,5.2,26,No
"D Model S
",Distance Driver,13,6,0,2,2,21.1,1.5,1.1,2.2,16.7,5.2,30,No
"D Model US
",Distance Driver,13,6,-3,1,-2,21,1.6,1.1,2.2,16.7,5.2,28.25,No
"DaE
",Distance Driver,13,5,0,3,3,21,1.7,1.1,2.4,16.2,5.2,27.5,No
"Daedalus
",Distance Driver,13,6,-3,2,-1,21.1,1.5,1.2,2.3,16.4,5.7,26.25,No
"DD2
",Distance Driver,13,5,-2,2,0,21,1.8,1.1,2.3,16.4,5.2,31.75,No
"Defender
",Distance Driver,13,5,0,3,3,21,1.6,1.1,2.3,16.4,5.2,30.75,No
"Dominator
",Distance Driver,13,5,-1,2,1,21.1,1.4,1.1,2.4,16.2,5.2,27.75,No
"Energy
",Distance Driver,13,4,0,4,4,21.1,2.1,1.2,2.4,16.3,5.7,26,No
"Falcon
",Distance Driver,13,5,-2,2,0,21.1,1.4,1.1,2.4,16.3,5.2,30.25,No
"Falcor
",Distance Driver,13,6,-1,2.5,1.5,21.1,1.7,1.2,2.3,16.5,5.7,28.75,No
"Fasti
",Distance Driver,13,4,-2,3,1,21.1,1.6,1.1,2.3,17.1,5.2,26.75,No
"Fenris
",Distance Driver,13,5,-1,2,1,21.2,1.7,1.1,2.5,16.2,5.2,26,No
"Giant
",Distance Driver,13,4,0,3.5,3.5,21.1,1.7,1.2,2.3,16.6,5.7,29.25,No
"Gladiator
",Distance Driver,13,5,0,3.5,3.5,21.1,1.7,1.1,2.3,16.5,5.2,28.5,No
"Great White
",Distance Driver,13,5,-1,3,2,21.1,1.8,1.1,2.4,16.2,5.2,27.25,No
"Groove
",Distance Driver,13,6,-2,2,0,21.1,1.7,1.2,2.4,16.3,5.7,28,No
"Grym
",Distance Driver,13,5,-2,2,0,21.1,1.8,1.1,2.2,16.7,5.2,26.25,No
"Guld
",Distance Driver,13,5,-0.5,3,2.5,21.1,1.8,1.2,2.3,16.5,5.7,28.75,No
"Halo
",Distance Driver,13,5,-0.5,3,2.5,21.2,1.4,1.1,2.4,16.3,5.2,26.25,No
"Havoc
",Distance Driver,13,5,-1,3,2,21.1,1.7,1.1,2.3,16.6,5.2,28,No
"Hypercane
",Distance Driver,13,4,0,4,4,21.2,1.6,1.2,2.2,16.7,5.7,26.5,No
"Kahu
",Distance Driver,13,5,-1,2,1,21,1.5,1.1,2.4,16.2,5.2,31.5,No
"Kahu OS
",Distance Driver,13,5,0,3,3,21,1.5,1.1,2.4,16.2,5.2,31.5,No
"Kahu XG
",Distance Driver,13,5,-1.5,3,1.5,21,1.5,1.1,2.4,16.2,5.2,31.5,No
"Katana
",Distance Driver,13,5,-3,3,0,21.2,1.8,1.2,2.5,16.3,5.7,26.25,No
"Legenda
",Distance Driver,13,4,-1,4,3,21,1.5,1.1,2.4,16.3,5.2,26.75,No
"Majesty
",Distance Driver,13,5,-2,2,0,21,1.7,1.2,2.4,16.2,5.7,27.25,No
"Mayhem
",Distance Driver,13,5,-1.5,2,0.5,21.2,1.9,1.2,2.4,16.3,5.7,27.5,No
"Nitro
",Distance Driver,13,4,-0.5,3,2.5,21.2,1.9,1.2,2.4,16.3,5.7,26.75,No
"Nuke
",Distance Driver,13,5,-1,3,2,21.2,1.6,1.2,2.5,16.1,5.7,28.25,No
"Nuke OS
",Distance Driver,13,4,0,4,4,21.2,1.6,1.2,2.5,16.2,5.7,30.75,No
"Nuke SS
",Distance Driver,13,5,-3,3,0,21.2,1.5,1.1,2.5,16.2,5.2,28.75,No
"O-Lace
",Distance Driver,13,5,-1,3,2,21,1.7,1.1,2.3,16.3,5.2,26,No
"Octane
",Distance Driver,13,5,-1,2,1,21.1,1.7,1.2,2.4,16.3,5.7,27.25,No
"Panic
",Distance Driver,13,4,-0.5,3,2.5,21.1,1.7,1.2,2.4,16.3,5.7,26.25,No
"Pharaoh
",Distance Driver,13,6,-1,2,1,21.1,1.4,1.1,2.3,16.4,5.2,28.5,No
"QI
",Distance Driver,13,6,-2,2,0,21.2,1.6,1.1,2.3,16.5,5.2,28.5,No
"Quasar
",Distance Driver,13,5,0,3,3,21.2,1.6,1.2,2.5,16.2,5.7,27.25,No
"Raider
",Distance Driver,13,5,-0.5,3,2.5,21.2,1.5,1.1,2.3,16.3,5.2,29.25,No
"Recon
",Distance Driver,13,5,-1,3,2,21.2,1.7,1.1,2.4,16.4,5.2,28.75,No
"Reign
",Distance Driver,13,5,0,2,2,21,1.7,1.1,2.4,16.2,5.2,27.5,No
"Reverb
",Distance Driver,13,5,0,3.5,3.5,21.1,1.6,1.2,2.3,16.5,5.7,26.75,No
"Rive
",Distance Driver,13,5,0,3.5,3.5,21.1,1.8,1.2,2.3,16.5,5.7,30,No
"Samurai
",Distance Driver,13,5,-2,1,-1,21.1,1.8,1.2,2.3,16.5,5.7,29.25,No
"Sasquatch
",Distance Driver,13,5,-5,1,-4,21,1.7,1.1,2.5,16,5.2,26.5,No
"Seguin
",Distance Driver,13,5,0,3,3,21.1,1.6,1.1,2.3,16.6,5.2,28,No
"Sheriff
",Distance Driver,13,5,-1,2,1,21.1,1.6,1.1,2.4,16.3,5.2,30.25,No
"Shryke
",Distance Driver,13,6,-2,2,0,21.1,1.7,1.2,2.3,16.4,5.7,26,No
"Siren
",Distance Driver,13,5,-2,1,-1,21.1,1.8,1.2,2.3,16.4,5.7,29.25,Yes
"Slayer
",Distance Driver,13,5,-1,2,1,21.1,1.5,1.2,2.3,16.4,5.7,30,No
"Solace
",Distance Driver,13,4,0,4,4,21.1,1.7,1.1,2.4,16.2,5.2,27,No
"Sorcerer
",Distance Driver,13,5,-0.5,3,2.5,21.2,1.6,1.1,2.3,16.7,5.2,32.25,No
"Starling
",Distance Driver,13,5,-2,2,0,21,1.7,1.2,2.4,16.2,5.7,27,No
"Stiletto
",Distance Driver,13,3,0.5,5,5.5,21.3,1.7,1.1,2.4,16.4,5.2,26.75,No
"Taipan
",Distance Driver,13,5,0,3,3,21.1,1.6,1.1,2.4,16.3,5.2,27.25,No
"Tempest
",Distance Driver,13,5,-3,2,-1,21.1,1.7,1.1,2.3,16.5,5.2,26.25,No
"Tenacity
",Distance Driver,13,5,-2.5,2,-0.5,21.1,1.9,1.2,2.4,16.3,5.7,26.75,No
"Tombstone
",Distance Driver,13,4,0,4,4,21.1,1.3,1.1,2.3,16.5,5.2,28.75,No
"Venom
",Distance Driver,13,5,0,3,3,21,2,1.2,2.2,16.6,5.7,29,No
"Vulcan
",Distance Driver,13,5,-4,2,-2,21.2,1.4,1.1,2.4,16.4,5.2,27.25,No
"War Horse
",Distance Driver,13,4,0,4,4,21.1,1.6,1.2,2.2,16.6,5.7,28,No
"X1
",Distance Driver,13,3,0,5,5,21,1.5,1.2,2.3,16.3,5.7,27.5,No
"X2
",Distance Driver,13,4,0,4,4,21.1,1.8,1.1,2.2,16.6,5.2,26,No
"X4
",Distance Driver,13,5,-2.5,2,-0.5,21.2,1.7,1.1,2.3,16.6,5.2,27,No
"X5
",Distance Driver,13,5,-4,1,-3,21.1,1.9,1.1,2.2,16.6,5.2,28.25,No
"Yeti
",Distance Driver,13,6,-3,1,-2,21.1,1.6,1.1,2.5,16.1,5.2,26,No
"Albatross
",Distance Driver,14,6,-2,3,1,21,1.6,1.1,2.3,16.4,5.2,26.5,No
"Ballista
",Distance Driver,14,5,-1,3,2,21.1,1.7,1.1,2.4,16.3,5.2,26,No
"Ballista Pro
",Distance Driver,14,4,0,3,3,21.2,1.7,1.1,2.4,16.3,5.2,26.75,No
"Bohrium
",Distance Driver,14,6,-1,3,2,21,1.4,1.1,2.5,16,5.2,26.25,No
"Cannon
",Distance Driver,14,5,-3,3,0,21.1,1.8,1.2,2.5,16.1,5.7,26,No
"Catapult
",Distance Driver,14,4,-0.5,3,2.5,21.1,1.6,1.1,2.3,16.6,5.2,27,No
"Colossus
",Distance Driver,14,5,-1,3,2,21.1,1.7,1.1,2.5,16.1,5.2,29.75,No
"Corvette
",Distance Driver,14,6,-1,2,1,21.1,1.8,1.2,2.3,16.3,5.7,26.75,No
"Destiny
",Distance Driver,14,6,-2,3,1,21.2,1.6,1.1,2.3,16.6,5.2,28.5,No
"Firestorm
",Distance Driver,14,4,-1,3,2,21.1,1.5,1.1,2.3,16.5,5.2,27.5,No
"Freedom
",Distance Driver,14,5,-3,3,0,21.2,1.6,1.1,2.4,16.3,5.2,27.25,No
"Gray Jay
",Distance Driver,14,4,0,5,5,21,1.4,1.1,2.3,16.3,5.2,28.5,No
"King
",Distance Driver,14,5,-1.5,3,1.5,21.1,1.9,1.1,2.3,16.5,5.2,29.25,No
"Knight
",Distance Driver,14,4,-1.5,3,1.5,21.1,1.6,1.1,2.5,16.2,5.2,28.25,No
"Lace
",Distance Driver,14,6,-1,1,0,21,1.8,1.1,2.4,16.2,5.2,28.5,No
"Luan
",Distance Driver,14,5,-1,3,2,21.2,1.4,1.1,2.4,16.4,5.2,31.25,No
"Merlin
",Distance Driver,14,5,-1,4,3,21,1.7,1.1,2.3,16.4,5.2,26,No
"Prometheus
",Distance Driver,14,4,-1,1,0,22.6,1.6,1.2,2.6,17.5,5.3,26.5,No
"Queen
",Distance Driver,14,5,-3,2,-1,21.2,1.5,1.1,2.3,16.6,5.2,29.5,No
"Rampage
",Distance Driver,14,5,-1,4,3,21.1,1.8,1.2,2.5,16.1,5.7,26,No
"Rask
",Distance Driver,14,3,0,4,4,21.2,1.6,1.1,2.2,16.8,5.2,26.5,No
"Thunder God Thor
",Distance Driver,14,5,0,2,2,21,1.7,1.2,2.5,16,5.7,28,No
"Torrent
",Distance Driver,14,5,-1,2,1,21,1.5,1.2,2.4,16.1,5.7,27.25,No
"unLace
",Distance Driver,14,6,-5,1,-4,21.1,1.9,1.1,2.4,16.3,5.2,28.75,No
"World
",Distance Driver,14,4,-0.5,3,2.5,21.2,1.6,1.2,2.4,16.3,5.7,28,No
"Delirium
",Distance Driver,14.5,5,-0.5,3,2.5,21.1,1.8,1.2,2.5,16,5.7,27,No
"Dimension
",Distance Driver,14.5,5,0,3,3,21,1.8,1.2,2.5,16,5.7,27.75,No
"Excite
",Distance Driver,14.5,5.5,-2,2,0,21.1,2.1,1.2,2.5,15.9,5.7,27,No
"Limit
",Distance Driver,14.5,3.5,0,4,4,21.1,1.8,1.2,2.5,16,5.7,27.25,No
"Relativity
",Distance Driver,14.5,5.5,-3,1.5,-1.5,21.1,1.9,1.2,2.5,16,5.7,27.25,No
